id,ticket,ticket_group,rank,layer,severity,finding,measured_value,unit,basis,evidence_file,evidence_command,impact,remediation,remediation_risk
F00,n/a (summary/context),—,0,summary,critical,HEADLINE: pam/ is 35.57 GB across 28827 files — .git history is 27.88 GB (78.4%) in only 107 files; the working tree is 7.69 GB. The reported 28 GB is the .git folder. Binary artifacts are 98.1% of the packfile; all C# source is 0.8%,35.57,GB total,filesystem measurement,E1-git-object-store.txt,Get-ChildItem -Recurse -Force -File | Measure-Object Length -Sum,Deleting files today reclaims nothing — the cost is in history,See F01-F13,n/a
F01,PAMIT-43050,B1,1,git-history,critical,"Three third-party ZIP archives are 73.3% of the repository: ARCONDbeaver.zip (50 versions, 11.45 GiB = 41.1% on its own), multitab.zip (48, 4.589 GiB), dbeaver.zip (36, 4.388 GiB). MEASURED PROOF they cannot compress: 44 of 47 versions in the main pack are stored WHOLE with no delta base. Two of the three are DBeaver, an open-source tool that was never ARCON code",20.43,GiB on disk (both packs),git verify-pack -v across both packfiles; delta-base column counted,E7-ondisk-pack-attribution.txt,git verify-pack -v .git/objects/pack/pack-e43e14d9*.idx | aggregate col4 by filename,ARCONDbeaver.zip averages 229 MB of permanent storage per commit of that one file; no redundancy remains for gc or repack to exploit,Purge with git filter-repo; distribute via artifact store or release page,destructive-history-rewrite
F02,PAMIT-43050,B1,2,git-history,critical,All .zip content is 80.6% of the main packfile from only 262 file versions — the pattern is broader than the three worst offenders,21.58,GiB on disk,git verify-pack -v,E7-ondisk-pack-attribution.txt,git verify-pack -v | aggregate col4 by extension,Dominant single cause of repository size,Purge from history plus a server-side pre-receive hook rejecting archives,destructive-history-rewrite
F03,PAMIT-43050,B1,3,git-history,critical,"Installer packages are committed as source: .msi 1.850 GiB, .exe 1.230 GiB, .deb 0.437 GiB, .pkg 0.211 GiB, .rpm 0.169 GiB on disk. Includes 'ARCON PAM.msi' (7 versions, 0.786 GiB) and dotnetfx.exe, a Microsoft redistributable",3.90,GiB on disk,git verify-pack -v,E7-ondisk-pack-attribution.txt,git verify-pack -v | aggregate col4 by extension,"Installers are build outputs, not source",Publish to a release/artifact store; purge from history,destructive-history-rewrite
F04,Need to create a ticket,B2,4,working-tree,critical,.gitignore line 363 declares /PAM — the entire product tree — yet 17872 files under PAM/ are tracked. .gitignore never applies to already-tracked files so the rule is inert AND actively misleading. It would also silently block genuinely new PAM/ files from being staged,17872,tracked files under an ignored path,git ls-files,E6-gitignore.txt,sed -n '363p' .gitignore; git ls-files PAM/ | wc -l,Root cause of continued growth; developers cannot trust the ignore file,Remove the false /PAM rule; add real artifact rules; git rm --cached the artifacts,medium
F05,Need to create a ticket,B3,5,working-tree,high,"3.69 GiB of the checkout is duplicate filenames at different paths, of which 1.51 GiB is byte-identical. NOTE: git stores identical blobs once, so this is a per-checkout cost not history bloat — but it multiplies history as soon as copies drift and are updated separately",3.69,GiB per checkout,git ls-tree -r -l HEAD (tab-parsed),E2-head-tree-composition.txt,git ls-tree -r -l HEAD | group by basename,Paid by every developer and every CI agent on every clone,Consolidate to one location and reference rather than copy,medium
F06,Need to create a ticket,B3,6,both,high,"msedgedriver.exe is committed at 45 paths with 45 DISTINCT SHAs — 45 genuinely different versions, 593 MB in the checkout alone. chromedriver.exe has 14 copies. Browser drivers are version-pinned downloads, never source",738,MB in HEAD,git ls-tree -r -l HEAD (tab-parsed),E2-head-tree-composition.txt,git ls-tree -r -l HEAD | grep -E 'msedgedriver|chromedriver',Distinct versions are expensive in BOTH the checkout and history,Fetch at test time via WebDriverManager or a CI cache,low
F07,PAMIT-43050,B1,7,git-history,high,PAM/AllSupportingDLLs is 18.02 GiB of LOGICAL history from only 734 file versions — averaging 25 MB per version. A vendored third-party dependency tree under version control. NOTE: logical size; on-disk will be smaller,18.02,GiB logical,git cat-file --batch-check (uncompressed sizes),E4-history-largest-blob-versions.txt,aggregate objsizes.txt by top-level area under PAM/,"Dependencies should be restorable, not committed",Migrate to NuGet or an internal package feed,high
F08,Need to create a ticket,B2,8,process,high,3326 remote branches and 307 tags. Every ref keeps its blobs reachable so nothing is ever unreachable — this is why git gc reports zero garbage and the pack never shrinks,3326,remote refs,git for-each-ref,E1-git-object-store.txt,git for-each-ref --format='%(refname)' refs/remotes | wc -l,Blocks all reclamation; makes 'just run gc' useless,Prune merged and abandoned release branches,medium
F09,Need to create a ticket,B4,9,process,high,"Still growing, and one file dominates the growth. A 106-commit pull on 2026-08-10 changing 142 files created a 1.074 GiB pack, of which 0.954 GiB (88.8%) was three NEW versions of ARCONDbeaver.zip — none of which is in HEAD. All C# source in that pull was 0.008 GiB (0.7%)",1.074,GiB per 106 commits,"git verify-pack -v on pack-e625f4b0 (the pull pack), attributed by filename",E8-pack2-pull-attribution.txt,git pull --ff-only; ls -lh .git/objects/pack/pack-e625f4b0*.pack,A routine update transferred ~1 GB of one third-party archive onto branches the developer never checks out,Fix F04 and F06 first — they are the inflow,low
F15,Need to create a ticket,B2,9,process,high,No Git LFS and no .gitattributes anywhere in the repository. The standard mitigation for large binaries was never adopted and nothing constrains binary intake,0,.gitattributes files,git ls-files; filesystem check for .git/lfs,E1-git-object-store.txt,git ls-files | grep -c '.gitattributes'   # 0 ;  ls .git/lfs  # absent,Nothing in the repository prevents the next 370 MB archive from being committed,Adopt Git LFS (see R03) or add a server-side size-gate hook,low
F10,Need to create a ticket,B2,10,working-tree,medium,"A duplicate misnamed 'gitignore' (no leading dot, 6654 bytes) sits beside the real .gitignore (6669 bytes). Git ignores a dotless file entirely; the two differ by 14 lines so rules a developer believes are active are not",14,differing lines,diff,E6-gitignore.txt,diff .gitignore gitignore,Developers trust rules that do nothing,Delete gitignore after reconciling its 14 differing lines into .gitignore,low
F11,Need to create a ticket,B3,11,working-tree,medium,"Media and database binaries in source control: 11 .mp4 (43 MB), 5 .db (111 MB including three ~23 MB SQLite files), 2 .bak (25 MB)",179,MB in HEAD,git ls-tree -r -l HEAD (tab-parsed),E2-head-tree-composition.txt,git ls-tree -r -l HEAD | filter by extension,Non-source binaries bloat every clone,Move to shared storage; generate test databases at test time,low
F12,Need to create a ticket,B2,12,working-tree,medium,"Two junk top-level directories are TRACKED (confirmed, 2 files each): '%LOCALAPPDATA%' — a literal unexpanded environment variable used as a folder name by a script that failed to expand it — and '108.0.5359.125' (a Chrome version) whose chromedriver.exe is a 1-BYTE placeholder file",4,tracked files in 2 junk dirs,git ls-files,E1-git-object-store.txt,git ls-files '%LOCALAPPDATA%' '108.0.5359.125',Evidence of scripted commits reaching main branches without review,Delete and fix the script that created it,low
F13,PAMIT-43050,B1,13,git-history,medium,"Generated tooling output was committed on some branch: graphify-out/ (1099 file versions, 0.09 GiB) and a 60 MB syftSbomTable.json. NEITHER is in HEAD — both are reachable from other refs, so they still occupy history",0.15,GiB logical,git rev-list --all --objects,E4-history-largest-blob-versions.txt,git rev-list --all --objects | grep -E 'graphify-out|syftSbom',Generated artifacts tracked as source,Add to .gitignore; purge in the same history rewrite,low
F14,n/a (summary/context),—,14,context,info,"COMPARATOR: the entire QA automation repository is 131 MB total — same organisation, same era, comparable team. This repository is 271x larger",271,x ratio,du,E1-git-object-store.txt,du -sh 'Automation gitlab repo/pam_automation_bootstrap',Establishes that 35.57 GB is not normal for this organisation,n/a,n/a
R01,Need to create a ticket (B4),B4,,remediation,info,"ZERO-RISK, AVAILABLE TODAY: make blobless clone the default for every developer and CI job. Since 98.1% of history is binary blobs almost nobody needs, this avoids nearly all of the 27.88 GB transfer while keeping full history",98.1,% of history avoidable,derived from F01-F03,E7-ondisk-pack-attribution.txt,git clone --filter=blob:none https://repo.arconnet.com/root/pam.git,Removes the developer-side cost without touching server history,Adopt as the standard clone command,low
R02,Need to create a ticket (B4),—,,remediation,info,WILL NOT WORK: git gc / git repack reclaim essentially nothing. count-objects reports loose:0 garbage:0 prune-packable:0 and 3326 refs keep everything reachable. More fundamentally 44 of 47 versions of the largest file are ALREADY stored whole because they cannot be delta-compressed — there is no redundancy left to find,0,bytes reclaimable by gc,git count-objects -vH plus delta-base analysis from git verify-pack -v,E1-git-object-store.txt,git count-objects -vH,Show this output to anyone proposing 'just run gc',n/a,n/a
R03,Need to create a ticket (B4),B4,,remediation,info,"FULL RECLAMATION: purging .zip/.msi/.exe/.deb/.rpm/.pkg from all history targets 26.79 GiB -> ~1.3 GiB, a ~95% reduction. This is arithmetic on measured on-disk pack bytes, not a trial run — only a rehearsal on a clone can confirm it",95,% reduction (estimated),arithmetic on E7 measured figures,E7-ondisk-pack-attribution.txt,git filter-repo --strip-blobs-bigger-than 10M (rehearse on a clone first),"Every SHA changes; every clone re-made, every open MR rebased, tags re-signed, pinned CI SHAs updated",Planned maintenance event with a scheduled freeze,destructive-history-rewrite
