page	level	heading
2	2	Disclaimer
2	2	Copyright Notice
2	2	Trademarks
5	1	1 Client Manager Guide
5	2	1.1 Introduction
5	2	1.2 Basic Terminology for ARCON | PAM
5	2	Entity Meaning
6	2	Entity Meaning
6	2	1.3 Logging In to ARCON | PAM
6	3	1.3.1 Overview
6	3	1.3.2 Pre-requisites
7	2	Field Name/Icon Description
8	2	Field Name/Icon Description
8	3	1.3.3 How to Log in to ARCON | PAM
8	2	Login with ARCON | PAM Authentication
8	2	Login with SAML Authentication
8	2	Login with Microsoft Authentication
8	2	Login with ADFS (Active Directory Federation Service) Authentication
8	3	1.3.3.1 Login with ARCON | PAM Authentication
10	3	1.3.3.2 Login with SAML Authentication
11	3	1.3.3.3 Login with Microsoft Authentication
12	3	1.3.3.4 Login with ADFS (Active Directory Federation Service) Authentication
12	3	1.3.3.4.1 Overview
13	3	1.3.4 Dual/Multi Factor Authentication
13	3	1.3.4.1 Overview
14	2	TOTP Authenticator
14	2	ARCON Authenticator App OTP
14	2	SMS OTP
14	2	Email OTP
14	2	Hardware Token
14	2	Biometric-Finger Print
14	2	Voice Biometric
14	2	Facial Recognition
14	2	FIDO2 Authenticator
14	3	1.3.4.2 TOTP Authenticator
14	2	What is TOTP Authenticator?
14	3	1.3.4.2.1 Logging in using TOTP Authenticator
14	2	TOTP Authenticator - Self-Registration
15	2	Post TOTP Configuration
15	3	1.3.4.3 ARCON Authenticator Mobile App OTP
15	3	1.3.4.3.1 Overview
16	3	1.3.4.3.2 ARCON | PAM Mobile App OTP Self-Registration
16	2	Field Name Description
17	2	Field Name Description
17	3	1.3.4.3.3 Post Mobile App OTP Configuration
17	3	1.3.4.4 SMS OTP
17	2	What is SMS OTP?
18	3	1.3.4.4.1 ARCON | PAM SMS OTP - Self-Registration
18	3	1.3.4.4.1.1 Post SMS OTP Configuration
19	3	1.3.4.5 Email OTP
19	2	What is Email OTP?
20	3	1.3.4.6 Hardware Token
21	3	1.3.4.7 Biometric - Finger Print
21	2	What is Biometric Finger Print?
23	3	1.3.4.8 Voice Biometric
23	2	What is Voice Biometric?
23	3	1.3.4.9 Facial Recognition
23	2	What is Facial Recognition?
24	3	1.3.4.10 FIDO2 Authenticator
24	3	1.3.4.10.1 What is FIDO2 Authenticator?
25	3	1.3.4.10.1.1 ARCON | PAM FIDO2 - Self-Registration
28	3	1.3.5 Enforce Self Registration (ESR)
28	2	What is Enforce Self Registration?
28	2	1.4 ARCON PAM Help and Learning Center
28	3	1.4.1 Overview
29	2	Field Name Description
29	2	Download Application Icon
30	2	Field Name Description
30	2	TOTP Authenticator Time-based One-time Passwords (TOTP)
30	2	System Requirement Icon
30	2	User Guide Icon
30	2	Video Learning Icon
31	2	Field Name Description
31	2	Download Application Icon
31	2	System Requirement Icon
31	2	OSX 10.11: EI Capitan, Mac OS 10.12: Sierra, Mac OS
31	2	10.13: High Sierra, and Mac OS 10.13: Mojave
31	2	User Guide Icon
31	2	Field Name Description
31	2	Download Application Icon
31	2	System Requirement Icon
31	2	Ubuntu 16.04.03 LTS, Ubuntu 18.04 LTS, Ubuntu
31	2	20.04 LTS armh, and Red Hat Enterprise Linux 7.5
31	2	User Guide Icon
32	2	Field Name Description
32	2	Field Name Description
32	2	Download Application Icon
32	3	1.4.2 ARCON Learning Center
34	2	1.5 Menu Bars
34	2	Top Menu
34	3	1.5.1 Top Menu
35	3	1.5.2 Left Side - Header Menu Bar
35	2	Headers Functionality
35	3	1.5.3 Right Side - Icons
35	2	Icon Name Functionality
36	2	Icon Name Functionality
36	2	Environment
36	2	Information
36	3	1.5.4 Side Menu
36	2	Icon Name Functionality
37	2	Icon Name Functionality
37	3	1.5.5 Top Menu Bar
37	2	My Services - Terminology
37	2	Filters
37	2	My Tags
37	2	Display Favourite Services
37	2	My Services Grid
37	2	Connecting to Target Machines
37	2	Session Extension
37	2	Report Builder Functionalities
37	2	Exported Reports
38	2	Dashboard Reports
38	2	Group Reports
38	2	LOB Reports
38	2	Logs Report
38	2	Performance Reports
38	2	Privilege Reports
38	2	Security Reports
38	2	Service Reports
38	2	User Reports
38	2	Vault Reports
38	3	1.5.5.1 My Access
38	3	1.5.5.1.1 What is My Access?
39	3	1.5.5.1.2 Why is My Access Needed?
39	2	My Services - Terminology
39	2	Filters
39	2	My Tags
39	2	Display Favourite Services
39	2	My Services Grid
39	2	Connecting to Target Machines
39	2	Session Extension
39	3	1.5.5.1.3 My Services - Terminology
39	2	Symbol Description
40	2	Symbol Description
40	2	Connect
40	2	Cannot Connect
40	2	Can Connect
40	2	Can Connect
40	3	1.5.5.1.4 Filters
40	3	1.5.5.1.4.1 What are Filters?
41	3	1.5.5.1.4.2 All Services
41	3	1.5.5.1.5 My Tags
41	3	1.5.5.1.5.1 What are My Tags?
42	3	1.5.5.1.5.2 How to create a Tag?
42	3	1.5.5.1.5.3 How to Assign Tags to Services?
43	3	1.5.5.1.6 Display Favourite Services
43	3	1.5.5.1.6.1 What is Favourtie Feature?
43	3	1.5.5.1.6.2 How to Mark Services as Favourites?
43	3	1.5.5.1.7 My Services Grid
43	3	1.5.5.1.7.1 What are Grids in My Services?
44	3	1.5.5.1.7.2 Columns Description
44	2	Column Name Description
44	2	Description 1
44	2	Description 2
44	2	Description 3
44	2	Hide ACMO My Services Page Table Column (Case-sensitive)
45	2	Column Name Description
45	3	1.5.5.1.8 Connecting to Target Machines
45	3	1.5.5.1.8.1 What is Connecting to Target Services/Machines?
45	2	Connection Icon Color Description
45	3	1.5.5.1.8.2 How to connect the target Services/ Machine?
46	3	1.5.5.1.9 Session Extension
46	3	1.5.5.1.9.1 What is Session Extension?
46	3	1.5.5.1.9.2 How to Request a Session Extension?
46	2	Extend Session
46	2	Terminate Session
46	3	1.5.5.2 Manager
46	3	1.5.5.2.1 What is Manager Tab?
46	3	1.5.5.2.2 Why is Manager Tab Needed?
46	2	Manager Menu Display
47	3	1.5.5.2.3 Script Manager
47	3	1.5.5.2.3.1 What is Script Manager?
47	3	1.5.5.2.3.2 How to Launch the Script Manager?
48	3	1.5.5.2.3.3 How to Run the Scanner?
49	3	1.5.5.2.3.4 How to Add a Script?
51	3	1.5.5.2.3.5 How to Edit a Script?
52	3	1.5.5.2.3.6 How to Delete a Script?
52	3	1.5.5.2.3.7 How to view Version History?
53	3	1.5.5.2.3.8 How to View the Script Manager Log?
55	3	1.5.5.2.4 Approval Request
55	2	Service Access
55	2	Service Password
55	2	Ticket
55	2	Critical Command
55	2	Service Transactions
55	2	User Transactions
55	2	User Group and Service Group
55	2	Video Log
55	2	Split Password
55	3	1.5.5.2.4.1 Service Access
55	2	What is Service Access Request Workflow?
55	2	How to Change Request Access Type?
56	2	Column Description
57	2	Permanent
57	2	Time-Based
57	2	One-Time
57	2	Requestor Details
57	2	Reference Type
57	2	Reference Details
57	2	Service Details
58	2	Access Details
58	2	Permanent
58	2	Time-Based
58	2	One-Time
59	2	Approval Details
59	2	Bulk Access Approval
60	2	Approval of Services Access Requests
61	2	Rejection of Services Access Requests
62	3	1.5.5.2.4.2 Service Password
62	2	What is Password Access Request Workflow?
63	2	Fields Description
63	2	Requestor Details
63	2	Service Details
64	2	Access Details
64	2	Approval Details
65	2	Rejection of Service Password Requests
66	3	1.5.5.2.4.3 Ticket Requests
67	2	Fields Description
68	2	NSA - Non-Service Affecting: The proposed
68	2	Requestor Details
68	2	Service Details
68	2	Ticket Details
68	2	PE - Planned Event
68	2	CR - Change Request
69	2	SA (Service Affecting)
69	2	NSA (Non Service Affecting)
69	2	Low
69	2	Medium
69	2	High
69	2	Critical
69	2	Approval Details
69	3	1.5.5.2.4.4 Critical Commands
70	2	Column Name Description
70	2	Requestor Details
71	2	Command Details
71	2	Approval Details
71	3	1.5.5.2.4.5 Service Transactions
71	2	What is Service Transactions Approval Workflow?
72	2	Column Name Description
73	2	Transaction Details
73	2	Approval Details
74	3	1.5.5.2.4.6 User Transactions
75	2	Column Name Description
76	2	Transaction Details
76	2	Approval Details
77	3	1.5.5.2.4.7 User Groups & Service Groups
77	2	What is the User Group & Server Group Assignment Workflow?
77	2	Column Name Description
78	2	Transaction Details
78	2	Approval Details
79	3	1.5.5.2.4.8 Video Logs
79	2	What is the Video Log Access Approval Workflow?
80	2	Column Name Description
81	2	Transaction Details
81	2	Approval Details
81	2	Approval Details
82	3	1.5.5.2.4.9 Split Password
83	2	Column Name Description
84	2	Column Name Description
84	3	1.5.5.2.5 Approval Logs
84	3	1.5.5.2.5.1 Service Access Approval Logs
84	2	What is Service Access Request and Approval Logs?
85	2	Field Name Description
85	2	Permanent
85	2	Time-Based
85	2	One-time
86	2	Field Name Description
86	2	Approved
86	2	Rejected
86	2	Pending
87	2	Field Name Description
87	2	Permanent
87	2	Time-Based
87	2	One-time
87	2	Access Required From
87	2	Date
88	2	Field Name Description
88	2	Approved
88	2	Rejected
88	2	Approved
88	2	Rejected
88	2	Approved
88	2	Rejected
89	2	Field Name Description
89	2	Approved
89	2	Rejected
89	2	Approved
89	2	Rejected
89	2	Approved
89	2	Rejected
89	2	Approved
89	2	Rejected
89	3	1.5.5.2.5.2 Service Password Approval Logs
89	2	What is Service Access Request and Approval Logs?
90	2	Field Name Description
90	2	Approved
90	2	Rejected
90	2	Pending
91	2	Field Name Description
91	3	1.5.5.2.5.3 Ticket Approval Logs
91	2	Fields Description
92	2	Fields Description
92	2	PE - Planned Event
92	2	CR - Change Request
92	2	SA (Service Affecting)
92	2	NSA (Non Service Affecting)
92	3	1.5.5.2.5.4 Critical Commands Approval Logs
92	2	What is Critical Command Request?
93	2	Field Name Description
93	2	Approved
93	2	Rejected
93	2	Pending
93	3	1.5.5.2.5.5 Service Transactions Approval Logs
94	2	Field Name Description
95	2	Field Name Description
95	2	Approved
95	2	Rejected
95	3	1.5.5.2.5.6 User Transactions Approval Logs
95	2	Fields Description
95	2	Approved
95	2	Rejected
96	3	1.5.5.2.5.7 User Group-Service Group Transactions Approval Logs
96	2	How to view User Group-Service Group Transactions Approval Logs?
96	2	Fields Description
97	2	Fields Description
97	2	Approved
97	2	Rejected
97	3	1.5.5.2.5.8 Requests to View Video Log Approvals
97	2	Fields Description
97	2	Operation Type Action performed
97	2	Approved
97	2	Rejected
98	3	1.5.5.2.6 Access Logs
98	3	1.5.5.2.6.1 How to Create a Video Log request?
98	2	View Server Access Log
99	2	Select Access Logs
99	2	Fields Description
99	2	View Video Log Request
99	3	1.5.5.2.7 Application Settings
99	3	1.5.5.2.7.1 What is API User Registration?
100	3	1.5.5.2.7.2 Why is API User Registration Needed?
100	2	API User List
100	2	Application List
100	2	User Self-Registration
100	2	Service Onboarding Settings
100	2	AGW Configuration
100	3	1.5.5.2.7.3 How to Access Application Settings?
100	3	1.5.5.2.7.4 API User List
102	2	Field Name Description
102	2	ARCON PAM User Details
102	2	ARCON PAM Service Details
102	2	ARCON Service Creation
103	3	1.5.5.2.7.5 Application List
104	2	Pre-Requisites
104	2	Manager Menu Display
104	2	API User Registration
104	2	API User Registration
105	2	Field Description
105	2	Application API
106	2	User Self-Registration
106	2	Client Manager → Manager → Application Settings
107	2	Field Name Description
107	2	How to Login Using User Registration?
108	2	Field Name Description
109	2	Field Name Description
110	2	Field Name Description
110	2	Privilege User Account Details (For Service Account)
111	3	1.5.5.2.7.6 Service Onboarding Settings
112	2	How to Configure VRA Integration Settings?
112	2	How to Add Application Name Mapping?
112	2	Field Description
113	2	Service Creation Configuration
114	2	LOB Mapping
115	2	Use Cases
115	2	Use Case Description
115	2	Scenario 1 (All Mapping Configured)
115	2	LOBID: NOIDA1
115	2	ServerGroupName: DTH-DARTS
115	2	IPAddress: 10.12.250.1
115	2	Requestor ID OLM (ARCOS User
115	2	Users in User Group
115	2	DTH-DARTS_USERS
116	2	Use Case Description
116	2	Mapped)
116	2	LOBID: NOIDA1
116	2	ServerGroupName: DTH-CloudOps
116	2	IPAddress: 10.12.250.1
116	2	Requestor ID OLM (ARCOS User ID)
116	2	Group(If
116	2	DTH-CloudOps_USERS
116	2	Scenario 3 (vRA Application, Server Group, and User
116	2	LOBID: NOIDA1
116	2	ServerGroupName: DTH-CloudOps
116	2	IPAddress: 10.12.250.1
117	2	Use Case Description
117	2	LOBID: NOIDA1
117	2	ServerGroupName: DTH-DARTS
117	2	IPAddress: 10.12.250.1
117	2	Group
117	2	DTH-DARTS_USERS
117	3	1.5.5.2.7.7 AGW Configuration
117	2	Pre-requisites
117	2	AGW Configuration
117	2	Application Gateway Server
119	2	Field Description
120	2	Field Description
120	2	AGW Service Mapping
122	2	AGW to Service UnMapping
124	2	AGW Preference Path0
125	2	Field Description
125	2	Final Connection
126	3	1.5.5.3 Reports
126	3	1.5.5.3.1 Overview
126	2	Dashboard Reports
126	2	Group Reports
126	2	LOB Reports
126	2	Logs Report
126	2	Performance Reports
126	2	Privilege Reports
126	2	Security Reports
126	2	Service Reports
126	2	User Reports
126	2	Vault Reports
126	3	1.5.5.3.2 Report Builder Functionalities
127	2	UI Components Description
128	2	UI Components Description
128	3	1.5.5.3.3 How to Generate a Report?
128	3	1.5.5.3.3.1 Overview
128	3	1.5.5.3.3.2 Steps to generate a report
131	3	1.5.5.3.4 Exported Reports
131	3	1.5.5.3.4.1 Overview
132	2	Format Procedure
132	3	1.5.5.3.4.2 Deleting Reports
132	3	1.5.5.3.5 Dashboard Reports
133	2	ARCON PAM Live
133	2	Enterprise Password
133	2	Live Server Sessions
133	2	User Access & Usage
133	3	1.5.5.3.5.1 ARCON PAM Live
133	2	ARCON PAM Live
134	3	1.5.5.3.5.2 Enterprise Password
134	3	1.5.5.3.5.3 Live Server Sessions
134	2	What is Live Server Sessions Report?
134	2	Enterprise Password
135	3	1.5.5.3.5.4 User Access & Usage
135	2	Live Server Sessions
136	2	User Access & Usage
137	3	1.5.5.3.6 Group Reports
137	2	Servers In Server Group
137	2	Service Group Report
137	2	Services In Server Group
137	2	User Group Report
137	2	Users In User Group
137	3	1.5.5.3.6.1 Servers in Service Group
137	2	Servers In Service Group
138	2	Field Name Description
139	2	Field Name Description
139	3	1.5.5.3.6.2 Service Group Report
139	2	Field Name Description
139	3	1.5.5.3.6.3 Services in Service Group
139	2	Service Group Report
140	2	Field Names Description
140	2	Services in Service Group
141	2	Field Names Description
141	3	1.5.5.3.6.4 User Group Report
141	2	Field Names Description
141	2	User Group Report
142	2	Field Names Description
142	2	Administrator
142	3	1.5.5.3.6.5 Users in User Group
143	2	Field Names Description
143	2	Client
143	2	Admin
143	3	1.5.5.3.7 LOB Reports
143	2	What are LOB Reports?
143	2	Active Services Group Wise Report
143	2	Active Services Report
143	2	Active Users Report
143	2	Dormant Users Report
143	2	Inactive Services Report
143	2	LOB Details Report
143	2	Object Status Report
143	2	Service Count Report
143	3	1.5.5.3.7.1 Active Services Group Wise Report
143	2	What is Active Services Group Wise Report?
144	2	Field Names Description
144	2	Active Services Group Wise Report
145	2	Field Names Description
145	2	What are Active Services Report?
145	2	Active Services Report
146	2	Field Names Description
147	2	Field Names Description
147	3	1.5.5.3.7.3 Active Users Report
147	2	What is Active Users Report?
147	2	Active Users Report
148	2	Field Names Description
148	2	Administrator
148	2	Administrator
149	2	Field Names Description
149	2	Administrator
149	2	Administrator
149	2	What is Dormant Users Report?
149	2	Field Names Description
149	2	Dormant Users Report
150	2	Field Names Description
150	2	Client
150	2	Admin
150	3	1.5.5.3.7.5 Inactive Services Report
150	2	What is Inactive Services Report?
150	2	Inactive Services Report
151	2	Field Names Description
152	2	Field Names Description
152	2	Administrator
152	3	1.5.5.3.7.6 LOB Details Report
152	2	What is LOB Details Report?
152	2	LOB Details Report
153	2	Field Names Description
153	2	Address LOB Address
153	2	Administrator
153	3	1.5.5.3.7.7 Object Status Report
153	2	What is Object Status Report?
154	2	Field Names Description
154	2	Object Status Report
155	2	Field Names Description
155	3	1.5.5.3.7.8 Service Count Report
155	2	What is Service Count Report?
155	2	Unique (Active & Inactive) IP status LOB-wise
155	2	Service (Active & Inactive) status LOB-wise
155	2	Service Count Report
156	2	Field Names Description
157	3	1.5.5.3.8 Logs Report
157	2	What is Logs Report?
157	2	APEM Logs
157	2	Approval Delegation Report
157	2	Collaboration Report
157	2	Day Wise Summary Report
157	2	Day Wise User Access Summary Report
157	2	Incident Management Logs
157	2	Log Review Report
157	2	My Vault Logs
157	2	Outside ARCON PAM Access Log
157	2	Service Access Log
157	2	Service Access Log Day Wise Report
157	2	Service Password Request Workflow Logs
157	2	Service Password Status Logs
157	2	Service Request Workflow Logs
157	2	Session Activity Log
157	2	Session Log Report
157	2	Session Wise Summary Report
157	2	SIEM command Logs Report
157	2	SMS and Email Logs
157	2	Ticket Request Workflow Logs
157	2	User Access Log report
157	3	1.5.5.3.8.1 APEM Logs Report
157	2	APEM Logs Report
158	2	Field Names Description
158	2	Password Viewed
158	2	Read File
159	2	Field Names Description
159	2	Administrator
159	3	1.5.5.3.8.2 Approval Delegation Report
159	2	What is Approval Delegation Report?
159	2	Approval Delegation Report
160	2	Field Names Description
160	2	Create
160	2	Modify
160	2	Delete
161	2	Field Names Description
161	3	1.5.5.3.8.3 Collaboration Report
161	2	What is Collaboration Report?
161	2	Column Name Description
161	2	Collaboration Report
162	2	Column Name Description
162	3	1.5.5.3.8.4 Critical Command Workflow Log
162	2	What is Critical Command Workflow Log?
162	2	Column Name Description
162	2	Critical Command Workflow Log
163	2	Column Name Description
163	3	1.5.5.3.8.5 Day Wise Summary Report
163	2	What is Day Wise Summary Report?
163	2	Day-wise Summary Report
164	2	Filed Names Description
164	3	1.5.5.3.8.6 Day Wise User Access Summary Report
164	2	What is Day Wise User Access Summary Report?
165	2	Field Names Description
165	3	1.5.5.3.8.7 Incident Management Logs
165	2	What are Incident Management Logs?
165	2	Day Wise User Access Summary Report
166	2	Field Name Description
166	2	• Incident Management Logs
167	2	Field Name Description
167	3	1.5.5.3.8.8 Log Review Report
167	2	What is Log Review Report?
167	2	Log Review Report
168	2	Field Names Description
169	2	Field Names Description
169	3	1.5.5.3.8.9 My Vault Logs
169	2	My Vault Logs
170	2	Field Names Description
170	2	Text
170	2	PDF
170	2	JPG
170	2	GIF
170	2	PNG
170	2	Upload
170	2	Download
170	2	Shared
170	2	Deleted
170	2	Database
170	2	File Server
170	3	1.5.5.3.8.10 Outside ARCON PAM Access Log
170	2	What is Outside ARCON PAM Access Log report?
171	2	Field Names Description
171	2	Outside ARCON PAM Access Logs
172	2	Field Names Description
172	2	Block
172	2	Email
172	2	Email-Block
172	3	1.5.5.3.8.11 Secret Service Logs
172	2	Column Name Description
173	2	Column Name Description
173	3	1.5.5.3.8.12 Service Access Log
173	2	What is Service Access Log Report?
173	2	Service Access Log
174	2	Field Names Description
175	2	Field Names Description
175	3	1.5.5.3.8.13 Service Access Log Day Wise Report
175	2	What is Service Access Log Day Wise Report?
176	2	Field Names Description
176	3	1.5.5.3.8.14 Service Password Request Workflow Logs
176	2	What is Service Password Request Workflow Logs report?
176	2	Service Access Log Day Wise Report
177	2	Field Names Description
177	2	Service Password Request Workflow Logs
178	2	Field Names Description
178	2	Approved
178	2	Rejected
179	2	Field Names Description
179	2	Approved
179	2	Rejected
179	2	Approved
179	2	Rejected
179	2	Approved
179	2	Rejected
180	2	Field Names Description
180	2	Approved
180	2	Rejected
180	2	Approved
180	2	Rejected
180	3	1.5.5.3.8.15 Service Password Status Logs
180	2	What is Service Password Status Logs Report?
180	2	Service Password Status Logs
181	2	Field Description
182	2	Field Description
182	2	Open
182	2	Close
182	3	1.5.5.3.8.16 Service Request Workflow Logs
182	2	What is Service Request Workflow Logs Report?
182	2	Service Request Workflow Logs
183	2	Field Names Description
184	2	Field Names Description
184	2	Administrator
184	2	Reference Details
184	2	New
184	2	Existing
184	2	Permanent
184	2	Time-based
184	2	One-time
185	2	Field Names Description
185	2	Approved
185	2	Rejected
185	2	Approved
185	2	Rejected
185	2	Approved
185	2	Rejected
185	2	Approved
185	2	Rejected
186	2	Field Names Description
186	2	Approved
186	2	Rejected
186	2	Approved
186	2	Rejected
186	2	Approved
186	2	Rejected
187	3	1.5.5.3.8.17 Session Activity Log
187	2	What is Session Activity Log Report?
187	2	Field Names Description
187	2	Session Activity Log
188	2	Field Names Description
188	2	(For example, Switch User Logs)
188	3	1.5.5.3.8.18 Session Log Report
188	2	What is Session Log Report?
188	2	Session Log Report
189	2	Field Name Description
189	2	Child Type
190	2	Field Name Description
190	3	1.5.5.3.8.19 Session Wise Summary Report
190	2	What is Session Wise Summary Report?
190	2	Session-wise Summary Report
191	2	Field Names Description
192	3	1.5.5.3.8.20 SIEM Command Logs Report
192	2	What is SIEM Command Logs Report?
192	2	Field Names Description
192	2	SIEM Command Logs
193	2	Field Names Description
193	2	Open
193	2	Close
193	3	1.5.5.3.8.21 SMS and Email Logs
193	2	SMS and Email Logs
194	2	Field Names Description
194	3	1.5.5.3.8.22 Ticket Request Workflow Logs
194	2	What is Ticket Request Workflow Logs Report?
194	2	Ticket Request Workflow Logs
195	2	Field Names Description
195	2	Initiated
195	2	Approved
195	2	Rejected
196	2	Field Names Description
196	2	Planned Event (PE)
196	2	Changed Request (CR)
196	2	Service Affecting (SA)
196	2	Non-Service Affecting (NSA)
197	2	Field Names Description
197	2	Approved
197	2	Rejected
197	2	Approved
197	2	Rejected
197	2	Approved
197	2	Rejected
198	2	Field Names Description
198	2	Approved
198	2	Rejected
198	2	Approved
198	2	Rejected
198	2	Approved
198	2	Rejected
198	3	1.5.5.3.8.23 User Access Log Report
198	2	What is User Access Log Report?
198	2	User Access Log Report
199	2	Field Names Description
200	2	Field Names Description
200	2	Client
200	2	Admin
200	2	Direct
200	2	Gateway
200	2	AGW
200	3	1.5.5.3.9 Performance Reports
200	3	1.5.5.3.9.1 What is Performance Report?
200	3	1.5.5.3.9.2 Why is Performance Report Important?
200	2	MS SQL Connection Report
200	2	New Arcon DeskInsight Devices
200	3	1.5.5.3.9.3 MS SQL Connection Report
200	2	What is MS SQL Connection Report?
200	2	MS SQL Connection Report
201	2	Field Names Description
201	3	1.5.5.3.9.4 New Arcon DeskInsight Devices
201	2	What is Arcon DeskInsight Devices Report?
202	2	Discovered Devices in Server Manager → Manage
202	2	New ARCON PAM DeskInsight Devices report in ACMO
202	2	New Arcon DeskInsight Devices
203	2	Field Names Description
203	3	1.5.5.3.10 Privilege Reports
203	2	What are Privilege Reports?
203	2	Client Manager Privilege Report
203	2	Group Admin Privilege Report
203	2	Server Manager Privilege Report
203	2	User & Services Privileges
204	2	• User & Services Privileges - Windows RDP
204	3	1.5.5.3.10.1 Client Manager Privilege Report
204	2	What is Client Manager Privilege Report?
204	2	Field Names Description
204	2	Client Manager Privilege Report
205	2	Field Names Description
205	3	1.5.5.3.10.2 Group Admin Privilege Report
205	2	What is Group Admin Privilege Report?
205	2	Group Admin Privilege Report
206	2	Field Names Description
206	3	1.5.5.3.10.3 Server Manager Privilege Report
206	2	What is Server Manager Privilege Report?
207	2	Field Names Description
207	2	Server Manager Privilege Report
208	3	1.5.5.3.10.4 User & Services Privileges
208	2	User and Services Privileges - SSH Linux
209	2	Field Names Description
210	2	Field Names Description
210	3	1.5.5.3.10.5 User & Services Privileges - Windows RDP
210	2	What is User and Services Privileges - Windows RDP Report?
210	2	User and Services Privileges - Windows RDP
211	2	Field Names Description
212	2	Field Names Description
212	2	Administrator
212	3	1.5.5.3.11 Security Reports
212	2	What are Security Reports?
212	2	Why need Security Reports?
212	2	Blacklisted Processes Attempted Report
212	2	Critical Commands Executed Report
212	2	High Usage (in hrs) Services Report
212	2	Invalid Login Attempts Report
212	2	Low Usage (in days) Services Report
212	2	Multiple Desktop Logon Report
212	2	Multiple User Logon Report
212	2	Network Segment Wise Logon Report
212	2	Restricted Commands Executed Report
212	2	Service Access Off Production Hrs Report
212	2	Service Accessed – Multiple Times Report
212	2	User Service Accessed – Multiple Times Report
212	3	1.5.5.3.11.1 Blacklisted Processes Attempted Report
212	2	What is Blacklisted Processes Attempted Report?
213	2	Field Name Description
213	3	1.5.5.3.11.2 Commands Executed Report
213	2	What is Command Executed Report?
214	2	Field Names Description
214	2	Commands Executed on Service Session Detail Report
215	2	Field Names Description
215	3	1.5.5.3.11.3 Critical Commands Executed Report
215	2	What is Critical Command Executed Report?
215	2	Critical Commands Executed Report
216	2	Field Names Description
216	3	1.5.5.3.11.4 High Usage (in hrs) Services Report
216	2	What is High Usage Services Report?
216	2	High Usage (in hrs) Services Report
217	2	Field Names Description
217	3	1.5.5.3.11.5 Invalid Login Attempts Report
217	2	What is Invalid Login Attempts Report?
218	2	Field Names Description
218	2	Invalid Login Attempts Report
219	3	1.5.5.3.11.6 Low Usage (in days) Services Report
219	2	Field Names Description
219	2	Low Usage (in days) Services Report
220	2	Field Names Description
220	3	1.5.5.3.11.7 Multiple Desktop Logon Report
220	2	What is Multiple Desktop Logon Report?
220	2	Multiple Desktop Logon Report
221	2	Field Names Description
221	3	1.5.5.3.11.8 Multiple User Logon Report
221	2	What is Multiple User Logon Report?
222	2	Field Names Description
222	3	1.5.5.3.11.9 Network Segment Wise Logon Report
222	2	What is Network Segment Wise Logon Report?
222	2	Multiple User Logon Report
223	2	Field Names Description
223	2	Network Segment-wise Logon Report
224	3	1.5.5.3.11.10 Restricted Commands Executed Report
224	2	What is Restricted Commands Executed Report?
224	2	Restricted Commands Executed Report
225	2	Field Names Description
226	2	Field Names Description
226	3	1.5.5.3.11.11 Service Access Off Production Hrs Report
226	2	What is Service Access off Production Hrs Report?
226	2	Service Access Off Production Hrs Report
227	2	Field Names Description
227	3	1.5.5.3.11.12 Service Accessed – Multiple Times Report
227	2	What is Service Accessed - Multiple Times Report?
227	2	Service Accessed - Multiple Times Report
228	2	Field Names Description
228	3	1.5.5.3.11.13 User Service Accessed - Multiple Times Report
228	2	What is User Service Accessed - Multiple Times Report?
229	2	Field Names Description
229	2	User Service Accessed - Multiple Times Report
230	3	1.5.5.3.12 Service Reports
230	3	1.5.5.3.12.1 What is Service Report?
230	3	1.5.5.3.12.2 Why is Service Report Important?
230	2	Active Services Report
230	2	Active Session Report
230	2	AGW Service Access Report
230	2	Command Profile Report
230	2	Device Detailed Report
230	2	DMZ Gateway Report
230	2	Lock to Console Report
230	2	Multiple Service Reference No. Report
230	2	Password Dependency(Actions)
230	2	Password Envelope Never Generated Report
230	2	Password Envelope Print Report
230	2	Password Policy Report
230	2	Scheduled Password Change Services
230	2	Server Last Accessed On
230	2	Service Accessed Summary Day Wise Report
230	2	Service Accessed Summary Report
230	2	Service Application Report
230	2	Services Creation Deletion Details Report
230	2	Services Creation Deletion Summary Report
230	2	Service Dependency Report
230	2	Service Group Wise Service Type Report
230	2	Service Timeline Report
230	2	Service Assign to AGW Server
230	2	Services in Domain Report
230	2	Unique Services IP Address Report
230	3	1.5.5.3.12.3 Active Services Report
230	2	What is Active Services Report?
231	2	Active Services Report
232	2	Field Names Description
233	2	Field Names Description
233	2	Administrator
233	3	1.5.5.3.12.4 Active Session Report
233	2	What is Active Session Report?
233	2	Active Session Report
234	2	Field Names Description
234	3	1.5.5.3.12.5 AGW Service Access Report
234	2	What is AGW Service Access Report?
234	2	AGW Service Access Report
235	2	Field Names Description
235	3	1.5.5.3.12.6 Command Profile Report
235	2	What is Command Profile Report?
236	2	Column Name Description
236	3	1.5.5.3.12.7 Device Detailed Report
236	2	What is Device Detailed Report?
236	2	Command Profile Report
237	2	Field Names Description
237	2	Device Detailed Report
238	2	Field Names Description
238	3	1.5.5.3.12.8 DMZ Gateway Report
238	2	What is DMZ Gateway Report?
238	2	Column Name Description
238	2	DMZ Gateway Report
239	2	Column Name Description
239	3	1.5.5.3.12.9 Lock to Console Report
239	2	Column Name Description
239	2	Lock to Console Report
240	2	Column Name Description
240	3	1.5.5.3.12.10 Multiple Service Reference No. Report
240	2	What is Multiple Service Reference No Report?
240	2	Multiple Service Reference Number Report
241	2	Field Names Description
242	2	Field Names Description
242	3	1.5.5.3.12.11 Password Dependency(Actions)
242	2	What is Password Dependency (Actions)?
242	2	Field Name Description
242	2	Password Dependency (Actions)
243	2	Field Name Description
243	3	1.5.5.3.12.12 Password Envelope Never Generated Report
243	2	What is Password Envelope Never Generated Report?
243	2	Password Envelope Never Generated Report
244	2	Field Names Description
244	3	1.5.5.3.12.13 Password Envelope Print Report
244	2	What is Password Envelope Print Report?
245	2	Field Names Description
245	2	Password Envelope Print Report
246	3	1.5.5.3.12.14 Password Policy Report
246	2	What is Password Policy Report?
246	2	Column Name Description
246	3	1.5.5.3.12.15 Scheduled Password Change Services
246	2	What is Scheduled Password Change Services?
246	2	Password Policy Report
247	2	Field Names Description
247	2	Scheduled Password Change Services
248	2	Field Names Description
248	3	1.5.5.3.12.16 Server Last Accessed On
248	2	What is Server Last Accessed On?
248	2	Server Last Accessed On
249	2	Field Names Description
249	3	1.5.5.3.12.17 Servers in Domain
250	2	Field Names Description
250	3	1.5.5.3.12.18 Service Accessed Summary Day Wise Report
250	2	What is Serviced Accessed Summary Day Wise Report?
251	2	Field Names Description
251	2	(Example- 3rd May 2021)
251	3	1.5.5.3.12.19 Service Accessed Summary Report
251	2	What is Service Accessed Summary Report?
251	2	Service Accessed Summary Day-wise Report
252	2	Field Names Description
252	2	(Example- Dec 2021)
252	3	1.5.5.3.12.20 Service Application Report
252	2	What is Service Application Report?
252	2	Service Accessed Summary Report
253	2	Field Names Description
253	3	1.5.5.3.12.21 Service audit logs Reports
253	2	What is Service Audit Logs Report?
253	2	• Service Application Report
254	2	Column Name Description
255	2	Column Name Description
255	2	Description 2
255	2	Description 3
255	3	1.5.5.3.12.22 Services Creation Deletion Details Report
255	2	What is Services Creation Deletion Details Report?
255	2	Services Creation Deletion Details Report
256	2	Field Names Description
256	2	Creation
256	2	Deletion
256	3	1.5.5.3.12.23 Services Creation Deletion Summary Report
256	2	What is Services Creation Deletion Summary Report?
256	2	Services Creation Deletion Summary Report
257	2	Field Names Description
257	3	1.5.5.3.12.24 Service Dependency Report
257	2	What is Service Dependency Report?
257	2	Service Dependency Report
258	2	Field Names Description
259	2	Field Names Description
259	3	1.5.5.3.12.25 Service Group Wise Service Type Report
259	2	What is Service Group Wise Service Type Report?
259	2	Field Names Description
259	2	Service Group-wise Service Type Report
260	2	Field Names Description
260	3	1.5.5.3.12.26 Service Timeline Report
260	2	What is Service Timeline Report?
260	2	Field Names Description
260	2	Service Timeline Report
261	3	1.5.5.3.12.27 Service Assign to AGW Server
261	2	What is Service Assign to AGW Server Report?
261	2	Field Name Description
261	2	AGW Service Access Report
262	2	Field Name Description
262	3	1.5.5.3.12.28 Services in Domain Report
262	2	Services in Domain Report
263	2	Field Names Description
264	3	1.5.5.3.12.29 Unique Services IP Address Report
264	2	What is Unique Service IP Address Report?
264	2	Field Names Description
264	2	Unique Services IP Address Report
265	2	Field Names Description
265	3	1.5.5.3.13 User Reports
265	3	1.5.5.3.13.1 What are User Reports?
265	3	1.5.5.3.13.2 Why are User Reports Important?
265	2	*Active Users Report
265	2	Consolidated User & Service Mapping Report
265	2	Dormant User Report
265	2	Dual Factor Auth Configuration Report
265	2	Dual Factor Auth Configuration Report - All LOB
265	2	Endpoint Access Control Configuration Report
265	2	Idle Users Report
265	2	Inactive Users Report
265	2	Last Service Accessed Report
265	2	Locked Out User Report
265	2	User & Service Mapping Report
265	2	User Biometric Auth Report
265	2	User Biometric Auth Report - All LOB
265	2	User Compliance Report
266	2	User Creation Deletion Summary Report
266	2	User Hardware Auth Report
266	2	User Last Logon Report
266	2	User Mobile OTP Auth Report
266	2	User SMS OTP Auth Report
266	2	User Status Report
266	3	1.5.5.3.13.3 *Active Users Report
266	2	What are Active Users Report?
266	2	Active Users Report
267	2	Field Names Description
267	2	Client
267	2	Admin
268	2	Field Names Description
268	2	Administrator
268	2	Administrator
268	2	Administrator
268	2	Administrator
268	2	Administrator
268	3	1.5.5.3.13.4 Consolidated User & Service Mapping Report
268	2	What is Consolidated User & Service Mapping Report?
268	2	Consolidated User & Service Mapping Report
269	2	Field Names Description
269	3	1.5.5.3.13.5 Dormant User Report
269	2	What is Dormant User Report?
270	2	Field Names Description
270	2	Client
270	2	Admin
270	2	Dormant User Report
271	2	Field Names Description
271	3	1.5.5.3.13.6 Dual Factor Auth Configuration Report
271	2	What is Dual Factor Authentication Report?
271	2	Field Names Description
271	2	Dual Factor Auth Configuration Report
272	2	Field Names Description
272	2	Administrator
273	2	Field Names Description
273	3	1.5.5.3.13.7 Dual Factor Auth Configuration Report - All LOB
273	2	What is Dual Factor Auth Configuration Report - All LOB?
273	2	Field Names Description
273	2	Administrator
273	2	Dual Factor Auth Configuration Report - All LOB
274	2	Field Names Description
274	3	1.5.5.3.13.8 Endpoint Access Control Configuration Report
274	2	What is Endpoint Access Control Configuration Report?
275	2	Column Name Description
275	3	1.5.5.3.13.9 Idle Users Report
275	2	What is Idle Users Report?
275	2	Idle Users Report
276	2	Field Names Description
276	2	Active
276	2	Inactive
277	3	1.5.5.3.13.10 Inactive Users Report
277	2	What is Inactive Users Report?
277	2	Field Names Description
277	2	Client
277	2	Admin
277	2	Inactive Users Report
278	2	Field Names Description
278	2	Administrator
278	3	1.5.5.3.13.11 Last Service Accessed Report
278	2	What is Last Service Accessed Report?
278	2	Last Service Accessed Report
279	2	Field Names Description
279	2	Client
279	2	Admin
279	3	1.5.5.3.13.12 Locked Out User Report
279	2	What is Locked Out User Report?
279	2	Locked Out User Report
280	2	Field Names Description
280	2	Admin
280	2	Client
280	3	1.5.5.3.13.13 User & Service Mapping Report
280	2	What is User & Service Mapping Report?
281	2	Field Names Description
281	2	User & Service Mapping Report
282	2	Field Names Description
282	2	Permanent
282	2	Time-based
282	2	One-time
282	3	1.5.5.3.13.14 User Biometric Auth Report
282	2	What is User Biometric Auth Report?
282	2	User Biometric Auth Report
283	2	Field Names Description
283	2	Administrator
283	2	Administrator
284	2	Field Names Description
284	3	1.5.5.3.13.15 User Biometric Auth Report - All LOB
284	2	What is User Biometric Auth Report - All LOB?
284	2	User Biometric Auth Report - All LOB
285	2	Field Names Description
285	2	Administrator
285	2	Administrator
285	3	1.5.5.3.13.16 User Compliance Report
285	2	What is User Compliance Report?
285	2	User Compliance Report
286	2	Field Names Description
286	2	Active
286	2	Inactive
286	2	Enabled
286	2	Disabled
286	3	1.5.5.3.13.17 User Creation Deletion Summary Report
286	2	What is User Creation Deletion Summary Report?
287	2	Field Names Description
287	3	1.5.5.3.13.18 User Dormant in next 5 day Report
287	2	What is User Dormant Report?
287	2	User Creation Deletion Summary Report
288	2	Field Names Description
288	2	Client
288	2	Admin
288	3	1.5.5.3.13.19 User Hardware Auth Report
288	2	What is User Hardware Auth Report?
289	2	Field Names Description
289	2	Administrator
289	2	User Hardware Auth Report
290	2	Field Names Description
290	2	Administrator
290	2	Configured
290	3	1.5.5.3.13.20 User Last Logon Report
290	2	What is User Last Logon Report?
290	2	User Last Logon Report
291	2	Field Names Description
291	3	1.5.5.3.13.21 User Mobile OTP Auth Report
291	2	What is User Mobile OTP Auth Report?
292	2	Field Names Description
292	2	Administrator
292	2	User Mobile OTP Auth Report
293	3	1.5.5.3.13.22 User SMS OTP Auth Report
293	2	What is User SMS OTP Auth Report?
293	2	Field Names Description
293	2	User SMS OTP Auth Report
294	2	Field Names Description
294	2	Administrator
294	3	1.5.5.3.13.23 User Status Report
294	2	What is User Status Report?
294	2	Field Names Description
294	2	User Status Report
295	2	Field Names Description
295	3	1.5.5.3.14 Vault Reports
295	3	1.5.5.3.14.1 What are Vault Reports?
295	3	1.5.5.3.14.2 Why are Vault Reports Needed?
295	2	Allow Password Change Report
295	2	Credentials Accessed via API Report
295	2	Current Password Status Report
295	2	Maximum Password Failed Attempts Report
295	2	Restore Service Password Option Used
295	2	Service Consolidated Vault Status Report
295	2	Service Last Password Failed Reason
295	2	Service Password Age Report
295	2	Service Password Change Consolidated Report
295	2	Service Password Change Failed (Server Unavailable) Report
295	2	Service Password Changed Status Report
295	2	Service Password Changed Status Report - All LOB
295	2	Service Password Changed Success/Failed Report
295	2	Service Password Check Out Report
295	2	Service Password Envelope Print Status Report
295	2	Service Password Expires in 5 Days Report
295	2	Service Password Manually Changed Report
295	2	Service Password Never Changed Report
296	2	Service Password Never Changed Report - All LOB
296	2	Service Password Security Status Report
296	2	Service Password Vaulting Status
296	2	Service Password Vaulting Summary Report
296	2	Service Password Viewed By Administrator
296	2	Service Reached Maximum Failed Attempts
296	2	Service Reconcile Status Report
296	2	Services Details for SPC - Maximum Failed Attempts
296	2	Services Scheduled for SPC
296	2	SPC Not Configured Report
296	2	SPC Success and Failed Report
296	2	Users Extracting Password Envelope Report
296	3	1.5.5.3.14.3 Allow Password Change Report
296	2	What is Allow Password Change Report?
296	2	Allow Password Change Report
297	2	Field Names Description
298	3	1.5.5.3.14.4 Credentials Accessed via API Report
298	2	Column Name Description
298	2	Credentials Accessed via API Report
299	2	Column Name Description
299	3	1.5.5.3.14.5 Current Password Status Report
299	2	Current Password Status Report
300	2	Field Names Description
301	2	Field Names Description
301	2	Open
301	2	Closed
301	2	Enabled
301	2	Disabled
301	2	Enabled
301	2	Disabled
301	3	1.5.5.3.14.6 Maximum Password Failed Attempts Report
301	2	What is Maximum Password Failed Attempts Report?
301	2	Maximum Password Failed Attempts Report
302	2	Field Names Description
302	3	1.5.5.3.14.7 Restore Service Password Option Used
302	2	What is Restore Service Password Option Used?
303	2	Field Names Description
303	3	1.5.5.3.14.8 Service Consolidated Vault Status Report
303	2	What is Service Consolidated Vault Status Report?
303	2	Restore Service Password Option Used
304	2	Field Name Description
304	2	• Service Consolidated Vault Status Report
305	2	Field Name Description
305	2	Allow Schedule Password
305	2	Change
305	2	First Successful Password
305	2	Manually Vaulted
305	2	Vaulted
305	2	Not Vaulted
305	2	Auto Heal Triggered During Last
305	2	Password Change
306	2	Field Name Description
306	2	Password Failed Attempts
306	3	1.5.5.3.14.9 Service Last Password Failed Reason
306	2	What is Service Last Password Failed Reason?
306	2	Service Last Password Failed Reason Report
307	2	Field Names Description
307	3	1.5.5.3.14.10 Service Password Age Report
307	2	What is Service Password Age Report?
308	2	Field Names Description
308	2	Service Password Age Report
309	2	Field Names Description
309	3	1.5.5.3.14.11 Service Password Change Consolidated Report
309	2	What is Service Password Change Consolidated Report?
309	2	Service Password Change Consolidated Report
310	2	Field Names Description
311	3	1.5.5.3.14.12 Service Password Change Failed (Server Unavailable) Report
311	2	What is Service Password Change Failed Report?
311	2	Service Password Change Failed (Server Unavailable) Report
312	2	Field Names Description
313	2	Field Names Description
313	2	Open
313	2	Closed
313	3	1.5.5.3.14.13 Service Password Changed Status Report
313	2	What is Service Password Changed Status Report?
313	2	Service Password Changed Status Report
314	2	Field Names Description
315	2	Field Names Description
315	2	Open
315	2	Closed
315	3	1.5.5.3.14.14 Service Password Changed Status Report - All LOB
315	2	What is Service Password Changed Status Report - All LOB?
315	2	Service Password Changed Status Report-All LOB
316	2	Field Names Description
317	2	Field Names Description
317	2	Open
317	2	Closed
317	3	1.5.5.3.14.15 Service Password Changed Success/Failed Report
317	2	What is Service Password Changed Success/Failed Report?
317	2	Field Names Description
317	2	Service Password Changed Success Failed Report
318	2	Field Names Description
318	2	Success
318	2	Failed
318	3	1.5.5.3.14.16 Service Password Check Out Report
318	2	What is Service Password Check Out Report?
318	2	Group-wise Password Viewed Report
318	2	Current Status-wise Count
318	2	Service Password Check Out Report
319	2	Field Names Description
320	2	Field Names Description
320	2	Open
320	2	Closed
320	2	Open
320	2	Closed
320	3	1.5.5.3.14.17 Service Password Envelope Print Status Report
320	2	What is Service Password Envelope Print Status Report?
320	2	Service Password Envelope Print Status Report
321	2	Field Names Description
321	2	Generated
321	3	1.5.5.3.14.18 Service Password Expires in 5 Days Report
321	2	What is Service Password?
322	2	Field Names Description
323	2	Field Names Description
323	3	1.5.5.3.14.19 Service Password Manually Changed Report
323	2	What is Service Password Manually Changed Report?
323	2	Field Names Description
323	2	Service Password Manually Changed Report
324	2	Field Names Description
324	3	1.5.5.3.14.20 Service Password Never Changed Report
324	2	What is Service Password Never Changed Report?
324	2	Service Password Never Changed Report
325	2	Field Names Description
326	2	Field Names Description
326	3	1.5.5.3.14.21 Service Password Never Changed Report - All LOB
326	2	What is Service Password Never Changed Report - All LOB?
326	2	Service Password Never Changed Report-All LOB
327	2	Field Names Description
327	3	1.5.5.3.14.22 Service Password Security Status Report
327	2	What is Service Password Security Status Report?
327	2	Service Password Security Status Report
328	2	Field Names Description
328	3	1.5.5.3.14.23 Service Password Vaulting Status
328	2	What is Service Password Vaulting Status?
329	2	Service Password Vaulting Status Report
330	2	Field Names Description
330	2	LOB Line of Business
330	2	Seal Status Status of Seal
331	2	Field Names Description
331	3	1.5.5.3.14.24 Service Password Vaulting Summary Report
331	2	What is Service Password Vaulting Summary Report?
331	2	Field Names Description
331	2	Service Password Vaulting Summary Report
332	2	Field Names Description
332	3	1.5.5.3.14.25 Service Password Viewed By Administrator
332	2	What is Service Password Viewed By Administrator?
332	2	Field Names Description
332	2	Service Password Viewed By Administrator
333	2	Field Names Description
333	3	1.5.5.3.14.26 Service Reached Maximum Failed Attempts
333	2	What is Service Reached Maximum Failed Attempts Report?
333	2	Service Reached Maximum Failed Attempts
334	2	Field Names Description
334	3	1.5.5.3.14.27 Service Reconcile Status Report
334	2	What is Service Reconcile Status Report?
334	2	Service Reconcile Status Report
335	2	Field Names Description
336	2	Field Names Description
336	3	1.5.5.3.14.28 Services Details for SPC - Maximum Failed Attempts
336	2	Field Names Description
336	2	Service Details for SPC - Maximum Failed Attempts
337	2	Field Names Description
337	3	1.5.5.3.14.29 Services Scheduled for SPC
337	2	Field Names Description
337	2	Services Scheduled for SPC Report
338	2	Field Names Description
338	3	1.5.5.3.14.30 SPC Not Configured Report
338	2	What is SPC Not Configured Report?
338	2	SPC Not Configured Report
339	2	Field Names Description
339	3	1.5.5.3.14.31 SPC Success and Failed Report
339	2	SPC Success and Failed Report
340	2	Field Names Description
340	2	Success
340	2	Failed
340	3	1.5.5.3.14.32 Users Extracting Password Envelope Report
340	2	What is Users Extracting Password Envelope Report?
340	2	Users Extracting Password Envelope Report
341	2	Field Names Description
342	2	Field Names Description
342	3	1.5.5.4 Dashboard
342	3	1.5.5.4.1 PAM DASHBOARD OVERVIEW
343	3	1.5.5.4.1.1 What are Cards in dashboard ?
343	3	1.5.5.4.1.2 Graphs
344	3	1.5.5.4.2 Users Currently Logged On
346	2	Field Name Description
346	3	1.5.5.4.2.1 View Report
347	3	1.5.5.4.3 Services Currently Being Accessed
349	2	Field Name Description
350	2	Field Name Description
350	3	1.5.5.4.4 Critical Commands Fired
352	2	Field Name Description
352	3	1.5.5.4.5 Open Passwords
354	2	Field Name Description
354	3	1.5.5.4.6 Hide Graph
356	3	1.5.5.4.7 Remove Graph
357	3	1.5.5.4.8 Add Graph
359	3	1.5.5.5 About
359	3	1.5.5.5.1 Overview
360	3	1.5.5.5.1.1 How to Edit Contact Details in the About Section?
360	2	Edit Contact
361	3	1.5.6 Side Menu Bar
361	3	1.5.6.1 Side Menu
361	3	1.5.6.1.1 My Services
361	3	1.5.6.1.2 Preferences
361	2	My Preferences
361	2	Delegation
361	3	1.5.6.1.3 Raise Request
361	2	Service Access Request
361	2	Service Password Request
361	2	Ticket Request
361	3	1.5.6.1.4 View Pending Requests
361	2	Service Access Requests
361	2	Service Password Requests
362	2	Ticket Requests
362	3	1.5.6.1.5 Request Logs
362	2	Service Access Request Log
362	2	Service Password Request Logs
362	3	1.5.6.2 RaiseRequest
362	2	Service Access Request
362	2	Service Password Request
362	2	Ticket Request
362	3	1.5.6.2.1 Service Access Request
363	2	ARCOS Service Access- Is Enabled
363	2	Permanent Request Service Access - Is Enabled
363	2	Time-Based Request Service Access - Is Enabled
363	2	One-Time Request Service Access - Is Enabled
364	2	Fields Description
364	2	Address / Hostname)
364	2	Configuration
364	2	Commands
364	2	Hide Configuration Command for Service Request
365	2	Fields Description
365	2	Reference Type
365	2	Reference Details
365	2	Reference Details Mandate while raising Service Access Request - Is
365	2	Enabled
365	2	Reference Details Mandate while raising Service Access Request - Is
365	2	Enabled
366	2	Fields Description
366	3	1.5.6.2.1.1 JIT Provisioning
366	2	CAPTCHA Validation In ACMO Service Access and Password Request
366	2	- Is Enabled
367	2	Fields Description
367	2	Address / Hostname)
368	2	Fields Description
369	2	Fields Description
369	2	Reference Type
369	2	Reference Details
369	3	1.5.6.2.1.2 Access Mapping
369	2	Reference Details Mandate while raising Service Access Request - Is
369	2	Enabled
369	2	Reference Details Mandate while raising Service Access Request - Is
369	2	Enabled
369	2	CAPTCHA Validation In ACMO Service Access and Password Request
369	2	- Is Enabled
370	2	Fields Description
370	2	Address / Hostname)
371	2	Fields Description
371	2	Reference Type
371	2	Reference Details
371	2	Reference Details Mandate while raising Service Access Request - Is
371	2	Enabled
371	2	Reference Details Mandate while raising Service Access Request - Is
371	2	Enabled
371	2	CAPTCHA Validation In ACMO Service Access and Password Request
371	2	- Is Enabled
372	3	1.5.6.2.2 Service Password Request
372	2	Allow Service Password Request
372	2	ARCOS Service Password - Is Enabled
373	2	Fields Description
373	2	Hostname)
374	2	Fields Description
374	2	CAPTCHA Validation In ACMO Service Access and
374	2	Password Request - Is Enabled
375	2	Handling Duplicate Requests
375	2	View Raised Details
375	2	Clear Raised Details
376	3	1.5.6.2.2.2 Service Password Request Workflow
376	2	Service Password Request Workflow Configuration
376	2	Step 1: Configuring User Request Approval Workflow
376	2	Delegation
376	2	Client Manager → My Access → Preferences → Delegation
377	2	Step 2: Raise Service Password Request
377	2	Client Manager → My Access → Raise Request :s: → Service Password
378	2	Field Name Description
378	2	LOB Select the LOB
378	2	Service Type Select the Service Type
379	2	Field Name Description
379	2	Pending Requests
379	2	Client Manager → My Access → Pending Requests → Service Password
380	2	Step  3: Approve Service Password Request
380	2	Client Manager → Manager → Approval Requests :s: → Service Password
382	2	Client Manager → Click the Mailbox
384	2	Steps 5: View Logs
384	2	Client Manager → Manager → Approval Logs ( :w: )→ Service Password
384	2	Tracker → Click View
384	2	Process Flow Diagram
385	3	1.5.6.2.3 Ticket Request
385	3	1.5.6.2.3.1 Creating a Ticket Request
386	2	Fields Description
387	2	Fields Description
387	2	Low
387	2	Medium
387	2	High
387	2	Critical
388	3	1.5.6.3 Pending Requests
388	3	1.5.6.3.1 What is Pending Requests ?
388	3	1.5.6.3.2 Why is it important ?
388	2	View Pending Service Access Requests
389	2	View Pending Service Password Requests
389	2	View Pending Ticket Requests
389	3	1.5.6.3.3 View Pending Service Access Requests
389	2	What is View Pending Service Access Requests?
389	2	Fields Description
389	2	Permanent
389	2	Time-based
389	2	One-time
390	2	Fields Description
390	3	1.5.6.3.4 View Pending Service Password Requests
390	2	What is View Pending Service Password Requests?
391	2	Field Name Description
392	2	Field Name Description
392	3	1.5.6.3.5 View Pending Ticket Requests
392	2	What is View Pending Ticket Requests ?
393	2	Fields Description
394	3	1.5.6.4 Request Logs
394	2	Service Access Request Logs
394	2	Service Password Request Logs
395	3	1.5.6.4.1 Service Access Request Logs
395	2	Field Name Description
395	2	Permanent
395	2	Time-based
395	2	One-time
396	2	Field Name Description
396	2	Approved
396	2	Rejected
396	2	Pending
396	3	1.5.6.4.2 Service Password Request Logs
396	2	Field Name Description
397	2	Field Name Description
397	2	Approved
397	2	Rejected
397	2	Pending
397	3	1.5.6.5 My Service
397	2	1.6 About The Client Manager Guide
397	3	1.6.1 Related Documents
397	3	1.6.2 Acronyms
397	2	Acronyms Description
397	2	PAM Privileged Access Management
397	2	ACMO ARCON Client Manager Online
397	2	ESR Enforce Self-Registration
397	2	SM Server Manager
397	2	CM Client Manager
397	2	LOB Line of Business
397	2	SSH Secure Shell
398	2	Acronyms Description
398	2	SSO Single Sign-on
398	2	RDP Remote Desktop Protocol
398	2	OTP One-Time Password
398	2	DB Database
398	2	EPAM Enterprise Privilege Access Management
398	2	PVSL Password Vault & Session Logging
398	2	AGW Application Gateway
398	3	1.6.3 POC (Points of Contact) & Support Information
398	2	Web
398	2	Sales Contact
398	2	Support Contact
398	2	ARCON | PAM Support Centre (ASC): https://support.arconnet.com/
398	2	Central Support E-mail Address: arcos.support@arconnet.com
398	2	Global: +91 8080005577 (For ARCON | PAM Support Press 3)
398	2	UAE: 800035703628 (Press 1)
399	2	POC (Point of Contact) & Support Information
399	2	Web
399	2	Sales Contact
399	2	Support Contact
399	2	ARCON Support Centre (ASC): https://support.arconnet.com/
399	2	Central Support E-mail Address: arcos.support@arconnet.com
399	2	Global: +91 8080005577 (For ARCON PAM Support Press 1)
399	2	UAE: 800035703628 (Press 1)
