course,new_path,original_name,bytes,sha256
alphabets,alphabets/apple.png,apple.png,53454,e9feabe21d7ac4dd26d85af763e709f38074b2cb27ab3b1aa6707d7cfcf79c6b
alphabets,alphabets/apple-audio.mp4,apple audio.mp4,58151,01e5b16fd74a290a548198f1afd0be4989988f154d28054d00a4d05fd5600936
alphabets,alphabets/ball-emoji.jpg,ball emoji.jpg,6818,d896b5f5b85972999e9ba0ffcd3df22c8575b0eaffdc71f2f57c0c4609fd811a
alphabets,alphabets/ball-audio.mp4,ball audio.mp4,58370,a90b501fceebe5f0e9d3be9cc578ecb0d4593b7bfa1c0fe065e506dd4ddb1043
alphabets,alphabets/cookie-emoji.webp,cookie emoji.webp,31380,e09589a52f42440e76b1056cff668f1035a0ba38a8488d8bb580175a90269069
alphabets,alphabets/cokie-audio.mp4,cokie audio.mp4,60371,25aa71b998bfa7028a7ee3dc74f65fea623d79b7984735033184095dd01c1e57
alphabets,alphabets/dad-emoji.png,Dad emoji.png,410288,08d6a9cc2e1306c47031a36f02f16a30a581f177eee99587e093827fbec18621
alphabets,alphabets/dad-audio.mp4,Dad audio.mp4,59480,b9fc70f5cc518e487f244f07af3116c64d6de1bc9bffb7cd2b1dfc61b10cf0eb
alphabets,alphabets/elbow-emoji.jpg,elbow emoji.jpg,76983,0a67606aee67bb919ff15907f3dce595ec0b73fe3b0399b013ad25854de382a2
alphabets,alphabets/elbow-audio.mp4,elbow audio.mp4,67100,c8575878fe2f9ddd2ba7745547cf2a4cd61190f37a880247b32d50d52562c5bb
alphabets,alphabets/funny-emoji.webp,funny emoji.webp,34496,21837ae68c6fd040761e81e1d52b5ea500d022df906ecc11d77deb7104f050f1
alphabets,alphabets/funny-audio.mp4,funny audio.mp4,60095,f5bd0e7f154e85286bf58f5e747dfdfbab57d5a74cced55110d9bc9959eb2101
alphabets,alphabets/go-emoji.jpg,go emoji.jpg,24156,85600ccda25d3c6ec1aa9de4a781831341ecda4fe2274ad61a7842cf6f309d03
alphabets,alphabets/go-audio.mp4,go audio.mp4,64973,b3349f0b8813fb9545ba0b53c9de235292bd301ef72e3fbeaf59660aeee888c7
alphabets,alphabets/happy-emoji.png,happy emoji.png,35818,1894502f515be517f38c55fe00c6ed0789863b4607e1304a61a0526f369b1d0e
alphabets,alphabets/happy-audio.mp4,happy audio.mp4,60758,c4ce769c19e2d8def4a9f14fe61f801c69d2e30de2d94e928bd4d823321a3fc6
alphabets,alphabets/inside-emoji.avif,inside emoji.avif,13354,bde3cedf4031e8dee698a59114ec0668081c2e63e6c4143eb91634be57b343a0
alphabets,alphabets/in-audio.mp4,in audio.mp4,64561,f75da016be200860fda8cb1bd0d1da29caab6e6af34283c3c6b9e65fceba2bfa
alphabets,alphabets/juice-emoji.jpg,juice emoji.jpg,636161,32e9c57b5a22f3b75d703702b6cebe36458f7e22bf165c693f34cd436465351c
alphabets,alphabets/juice-audio.mp4,juice audio.mp4,62352,8b1dddd37fe06bc19fb376cbdc2228efb2c7c90211852c31dd8bbdaf3b8400dc
alphabets,alphabets/kick-emoji.jpg,kick emoji.jpg,132599,59b09689a022feb3d166accc5f7098259f43feec6978f5cf831b583fdcca8b00
alphabets,alphabets/kike-audio.mp4,kike audio.mp4,59944,c3d9dc6e62ace06cc8dea414378ebc694fb412359263e16540fea79e8b725499
alphabets,alphabets/look-emoji.avif,look emoji.avif,45798,5d2a84a891693394f0f9f2efa7fc8925a2ebe684a7bab63fb80d8dc3cd708ddb
alphabets,alphabets/look-audio.mp4,look audio.mp4,60675,e9eaca841c778a7cb9fd278a6cdfe8411c514b72afdbd3aaf3848c32886b9279
alphabets,alphabets/mom-emoji.avif,mom emoji.avif,21164,2771c63103fe2ae4c13beffc37efcf8b487536b1ea5bf26105573f6243c601ac
alphabets,alphabets/mom-voice.mp4,mom voice.mp4,71960,37ac5ff93d399e1d22a03db6a571379883add499d7f193e69a91fedb154584bb
alphabets,alphabets/no-emoji.jpg,no emoji.jpg,9111,9ca89786c12325be581ccb3495da5df3cf6fe0bc165f63767eb1d446ec91040b
alphabets,alphabets/no-voice.mp4,no voice.mp4,62578,eeb62e0eadaaed7c01e228e1f31730600d73ad2bca4a7e3cfeba0ffe4c017d59
alphabets,alphabets/of-emoji.jpg,of emoji.jpg,6451,2d99eca5887afe2e455fe7b2a94d5d0a3bf147243e1f5cd59801603efb4fc6d0
alphabets,alphabets/off-voice.mp4,off voice.mp4,64581,f65b87aa4377880cefb5cd42baf256f0a83a76a89dae1cda5147c3725165906e
alphabets,alphabets/play-emoji.jpg,play emoji.jpg,65722,a0848a6e42fe1b9e102a18c808cc51bdbbc76f7666be2fda354cf0b9e5dc46bf
alphabets,alphabets/play-video.mp4,play video.mp4,66129,f7ff4e3942bb0d5ba42d92113ce1d11ec9bbacd493a4d22267ee98b2a2d6cd30
alphabets,alphabets/quit-emoji.webp,quit emoji.webp,20666,31b4ad29f0833afc5a4bb1baa9e1aba79088edd0bed51e1aefa9312b698b9ae5
alphabets,alphabets/quite-voice.mp4,quite voice.mp4,65347,64c40b18ca6b1b0f978b3460757081a492c4a2ff5d2ce3f0eebd8a6f55bc13e2
alphabets,alphabets/red-emoji.jpg,red emoji.jpg,5912,5bba93bcde319a0e2593a38d3bc69d382ec48675f457186d7b95611e425df8a6
alphabets,alphabets/red-voice.mp4,red voice.mp4,66292,309a4e09609b803fbf0149e8ff1f58b612e2892d8f202b30490d358d0fbfdd6b
alphabets,alphabets/stop-emoji.webp,stop emoji.webp,29550,57069f66a3b00b8b7a42e05b6673ce73d3b75e69bd6f63fc91239b68fcf42231
alphabets,alphabets/stop-voice.mp4,stop voice.mp4,55065,60e6bb8e1e09ee7714a0ffdf958ab57ed7fcc800cbc6d29f1777fd7b69deca3a
alphabets,alphabets/toliet-emoji.webp,toliet emoji.webp,31912,542cce9768d24d3070b2c8b393d4e9bac270117a66f6909c8b4d7fa12c49e5f3
alphabets,alphabets/tolite-voice.mp4,tolite voice.mp4,58338,1ba11b2c11767cd18455e2b95bb5eccce35a00f0d2f299770f2578052e4ddb49
alphabets,alphabets/up-emoji.webp,up emoji.webp,6892,3cd6605cdd686b11ab4272164d9bc473b8edf417060ad47f6871dffb48f53c8f
alphabets,alphabets/up-voice.mp4,up voice.mp4,63139,8d709c2ac5baa2867bd99be692acfa596b35c17a7ccda54e4727804ed623d1bb
alphabets,alphabets/voice-emoji.jpg,voice emoji.jpg,39422,8963ae0bb0c670f127e747cdd4bf0d972a08938f3e8b670a1dd445b85fe15ba0
alphabets,alphabets/voice-voice.mp4,voice voice.mp4,58431,75316ba00c33fc9a971e2a06dbee9c01a9be51968e408b7741c7289e010e0c29
alphabets,alphabets/water-emoji.webp,water emoji.webp,125184,bae00c21b0e61e8bbc177473ba36538802b675bdd15ac545183af594442656a1
alphabets,alphabets/water-voice.mp4,water voice.mp4,58811,55f9abc5bdf2a92ca0f802edc27e18972467049af6b9610f57103fc5548a9d7c
alphabets,alphabets/xsary-audio.jpg,xsary audio.jpg,27423,182052f6b6307aaf3a0ecf551b10a16ee154e58a574772590b7e8e2779365a4d
alphabets,alphabets/xeray-voice.mp4,xeray voice.mp4,67683,2319163d030cb135c65db28d6ad110d5720c666e3a2bd823904904bc7673c11a
alphabets,alphabets/yes-emoji.jpg,yes emoji.jpg,40073,6edecfdb734739ef56682fed4a91ad1b60f3cb6e3153a493f5a0d5690fe30c3d
alphabets,alphabets/yes-voice.mp4,yes voice.mp4,67372,7d2c1f03b557e7299b0fcc2cbb189734a446490eb580901666bcd61b2fe07217
alphabets,alphabets/zero-emoji.webp,zero emoji.webp,80932,1fe26dc5ea1a9f8e79d4581ff7edbade9b20f2e2220405f7234ea992d947056d
alphabets,alphabets/zero-voice.mp4,zero voice.mp4,65569,3d59badbb505761cf2c2c33befa083155191b139e9b302210fb45c118e109e04
alphabets,alphabets/letters-secondpage.jpeg,letters secondpage.jpeg,24216,a7c7bb355929beda677e9a95c2ca2163d321bc2c873066183f33c6aefb1419fe
numbers,numbers/1-voice.mp4,1 voice.mp4,66736,2577d6c0fc46dba90f95f108e8209e3a11cbfa85a069b0ff5501647012d99638
numbers,numbers/2-voice.mp4,2 voice.mp4,69475,9a8bb07ee09e72c3a1a4cee0a02fae6e4c08726c13afed7a92ae4f796e4ed25f
numbers,numbers/3-voice.mp4,3 voice.mp4,86040,f53f1f73764e4ade4001b4d0c3ba430f30fd2ef3f48c66dd71f61391a4435557
numbers,numbers/4-voice.mp4,4 voice.mp4,82720,5def0db9582989f8f4664950ca86953c4a4c203fbe0a116c34fcac2871ab27ca
numbers,numbers/5-voice.mp4,5 voice.mp4,82267,5f531785c4edbfc95359135b0034671b39fd881b748de6bf8c5f3623c46e73fd
numbers,numbers/6-voice.mp4,6 voice.mp4,62259,d3f5f8acd0556b8df98c81370dca69a540da1a38d77bf24d7ccc7d54037bd80f
numbers,numbers/7-voice.mp4,7 voice.mp4,82071,97eb195acdaea4159d8523441fdfc2080222644d68bb3cf52115be1582ebe6ca
numbers,numbers/8-voice.mp4,8 voice.mp4,86456,7edcaae66f37c63b3496ec8dc0114239d11405b6570d23231686981751634e9d
numbers,numbers/9-voice.mp4,9 voice.mp4,75175,4398cc68c640ac589065e65ba6672f2c93f3ebab18d9c5f61f323d881193cb7d
numbers,numbers/10-voice.mp4,10 voice.mp4,62579,ab49c0a22f3e05e0a15f28aa0cd320075c41985f12a681e3143490402063ae96
numbers,numbers/11-voice.mp4,11 voice.mp4,96315,1f51904715d8ac44a58375fd5c6566d2e50d8d3b63aa34c3d0c6a98f8d7b3791
numbers,numbers/12-voice.mp4,12 voice.mp4,102608,b9c762476e18003cd7f0daffb3ce95f8682f3236b455334456711378c7c554d8
numbers,numbers/13-voice.mp4,13 voice.mp4,115575,ad44280c556910552a12cdb9f7716ae3042ce0aaebd2bbff755e0a8ff80d5f75
numbers,numbers/14-voice.mp4,14 voice.mp4,109799,aa84128b514b7e6f079c6e2c04c7439e8a4add19f1a1eacc5b8ac7b456861a97
numbers,numbers/15-voice.mp4,15 voice.mp4,116256,dbdccc62de0e3151ad529e42572af7f579dab6a9fe22190ca862b911a2f4fab4
numbers,numbers/16-voice.mp4,16 voice.mp4,112397,ee77ae18b2ea839849fed2927324e0f853853d54e9b1a2afb555a41be66c47a1
numbers,numbers/17-voice.mp4,17 voice.mp4,129516,b244f9cf4285580c6a2bd7ae9a0152229c4ab56edb469f0e162439a6a285203c
numbers,numbers/18-voice.mp4,18 voice.mp4,131914,4edda461f95894e465da4f7c8711d910a560f178afbd3fd2f411bf6577921fb2
numbers,numbers/19-voice.mp4,19 voice.mp4,129580,40a37a02930e7286575f573145e1e580019dc7fd1aefd37ca4cab337d911cbbd
numbers,numbers/20-voice.mp4,20 voice.mp4,112701,079314943d6ac9f6c91ceee73195d7ac5d88a9a254f119b6b81b0e811e9d7585
numbers,numbers/number-photo-secondpage.jpeg,number photo secondpage.jpeg,173630,23a9cb3118944e08b3480ce73a1c1fd42833b1863fbd26f32c92a74edf91401e
animals,animals/bee-photo.jpg,bee photo.jpg,36295,2d573c29453c3ca90341213833a8acd60cac3c1fae857ca86e63b13a26b1d8f3
animals,animals/bee-voice.mp4,bee voice.mp4,57127,b49cdf97840a267f3eddd1257d0c5570993ef10fbdb82a6d012c22ae6790346e
animals,animals/cat-photo.jpg,cat photo.jpg,7692,4eb251dd2d7ed8e0c64499cf28df6156c9bd7ca2ef0b78820ce884e73b0f823e
animals,animals/cat-voice.mp4,cat voice.mp4,46627,ee3dd156b0fb18eb0980e1fa62deac390ff5d19fa9ecd21cb1b02cd0d5f320c4
animals,animals/rooster-photo.jpg,rooster photo.jpg,86400,6340219faf5e618719378179b368ccbd225ad12dd32e19657a48e95de731a990
animals,animals/rooster-voice.mp4,rooster voice.mp4,56786,69b21559e8b6189934fe7ad746f326982d256b0841fc75ab57ba1aa185032148
animals,animals/cow-photo.jpg,cow photo.jpg,51321,ea17dd8f85ccab2f66ffa136e5ffbb40b325ff475e1c84d48c79cc35395beaca
animals,animals/cow-voice.mp4,cow voice.mp4,40226,f317f5732c8f7cd53a57f54a4f67ef326da7e7f87323ed9131c83e25dfc7965e
animals,animals/dog-photo.webp,dog photo.webp,148776,f7659bfc0ac7d77637843841f3f0f576de04fb3c1ce7859e1f30937f0530eb17
animals,animals/dog-voice.mp4,dog voice.mp4,39029,b569de17612f661f44ccdb49d0b11e7bffe1418eb065efd5596e124c147ddbd2
animals,animals/duck-photo.webp,duck photo.webp,68082,9f4a5d1777683fb5bbbb719ecd9cb8394d9169b56037008aee7c1665a3714bf6
animals,animals/duck-voice.mp4,duck voice.mp4,49834,4fe46f7422ed5a617507b6010052ca28f60db55a33e046e9266590fa0733ae1d
animals,animals/frog-photo.jpg,frog photo.jpg,11299,b55d97f65ba63dbcef780469cc025ccfabb013f4618fb5354bf7b18c24fe7a1a
animals,animals/froge-voice.mp4,froge voice.mp4,40388,d375cae4b12360bd3234bc355f62d875b9ff838437f15293a3659bb8db88432e
animals,animals/horse-photo.jpg,horse photo.jpg,121718,ffb7e6d45eaf4e382bfaeaa79d6bbde9dbf1aa71172364c80c9f002613ca10fa
animals,animals/hourse-voice.mp4,hourse voice.mp4,40865,e7533ccdf63d860720ad9647cb48a320c2e3f7b2f9526b051ce90600a78e0e82
animals,animals/lion-photo.avif,lion photo.avif,21511,1be363343ace8bbfd37a7f7873ab199ce69244e7645222b2f9410b61f4ca175a
animals,animals/lion-voice.mp4,lion voice.mp4,47818,bfa23f72d8a586527659857e2f76568ad26e60350719687ebee64368fc7b4b4f
animals,animals/mouse-photo.jpg,mouse photo.jpg,41346,c55ca924d32c19d9c93acfec994d25e35b38d2d524b5429a2b743a8fada074de
animals,animals/mouse-voice.mp4,mouse voice.mp4,45450,3754d3ba210b8014790cd361c40bfd50c4f2468e81bf51c3c30750e946b21ebd
animals,animals/pig-photo.png,pig photo.png,40652,5b34f07d33b6ea650ce77a16cd5e5b612de4c1419eb4b4b05f0833a2dd566dc7
animals,animals/pig-voice.mp4,pig voice.mp4,44874,f82a46efee0b2cef7cfb7dbfe825da8bea4c8c02415284a81a9250eeab477631
animals,animals/pigeon-photo.jpg,pigeon photo.jpg,7141,0167836464c9672496755a443385a0e21b12e84c876949b2c8db41117ec34849
animals,animals/pigone-voice.mp4,pigone voice.mp4,46522,cfc27407c8dcdd872ea49cb06df8cc3b92eacc8fb45460809f67e1ed18fc1094
animals,animals/sheep-photo.webp,sheep photo.webp,25374,f0896956aeba430f46dbe01d92d6dcf8c2734dcd1869a439645ca89754c0f468
animals,animals/sheep-voice.mp4,sheep voice.mp4,36861,120fb18666263810a7ed489cd1c0ec54074439df166cbd48ca18e443cf9bbed8
animals,animals/snake-photo.jpg,snake photo.jpg,10515,e056137a570a6d9b95ad62461a183bad09ae670d4fa71af83d2518893613ac95
animals,animals/snake-voice.mp4,snake voice.mp4,37726,3925521335d656bc2f7bb62609e846f9732cb6e02eef639561ec9444f74db275
animals,animals/tiger-photo.jpg,tiger photo.jpg,50786,b81c2b73e924c4e685ff480b892973915a39977a24f514cbfa6d24798e887dbd
animals,animals/tiger-voice.mp4,tiger voice.mp4,34819,b6c52e173816e6dd4707aed59329af26d715f2a080803992aad0d2be58bd9fcb
animals,animals/animal-secondpage.jpeg,animal secondpage.jpeg,14747,16f4e504054746e907b27611db1316e41822d2165fbb969d5c349f50661e8a6d
birds,birds/owl.jpg,owl.jpg,11260,fb8780056562b1bdc57ea30a3976473de07b1afcf2a48482bdc5037f01b3a5a4
birds,birds/owl-voice.m4a,owl_voice.m4a,106091,b1f156e16f9bd1075ecba11872032ad5cd9f1519c0591e41c18e21bbb2be3fb9
birds,birds/penguin.webp,penguin.webp,35282,c5bbe1c3d45a8162dff73fe7d70c0724d5eeaafc54669370e1074b3a1832c4a6
birds,birds/pingvin-voice.m4a,pingvin_voice.m4a,69472,24e7dc6e2f58cd0b69b3ac1b5244156dbddecd34cf8b9a4704555da9fc8f9567
birds,birds/cockatoo.jpg,cockatoo.jpg,63957,f849e1d1108172e5b43afd2dd4c54620f277130a085ae83e7e402d0482c3ae7f
birds,birds/cocato-voice.m4a,cocato_voice.m4a,90845,d554840b30904e464465a58a4ad1412526d12bda080a1a2ad0a81e0f4de098a4
birds,birds/kingfisher.jpg,kingfisher.jpg,201650,dc57e3a6120a858972c44766ade3b8fcfa771e8ddadf1a19f6f63118472c20f1
birds,birds/kingfisher-voice.m4a,kingfisher_voice.m4a,94569,6b9d772674362d54344ebdcb2dce1d3a9093110646bea462a2c51c27974d3889
birds,birds/woodpecker.webp,woodpecker.webp,40166,9748a466762bc638a95f04860f330025bff919c0349e2f5677c60b1d2a6468e1
birds,birds/woodpiker-voice.m4a,woodpiker_voice.m4a,80008,66274e5ea7b6eb13d583eae56801d82cab8c1fd73dcee6be7eacb8550785cb94
birds,birds/seagull.jpg,seagull.jpg,6918,9f9ead18e0c59408de3c4b91bd6d0ce7d13249acd467dc0cee833fb7eccc0a54
birds,birds/sigual-voice.m4a,sigual_voice.m4a,82076,dfe60af0e4ea759276409484bf62851f12e42851adbb0192623ec7c116ad59f4
birds,birds/pelican.jpg,pelican.jpg,82969,0b77d5aae06465ba969b5e38c0d8eff189aabd3888c72151b77d6904809b515a
birds,birds/pelican-voice.mp4,pelican_voice.mp4,83025,13fc58a2de5b89e84ca8cb607571d128a9138c9d6a75bac409c604a7fb6971c8
birds,birds/magpie.jpg,magpie.jpg,6504,627e5316bbbe6d9d2d2b1ab452cf9327175a4accbfd8f77ef7ab3ff4a39b2ca5
birds,birds/magpie-voice.mp4,magpie_voice.mp4,82620,ba85d889046448a94fddf7bf34cc665338d42fd6a9449790e35934d2d407e790
birds,birds/vulture.jpg,vulture.jpg,41766,54b52a20e047ab4bb1be814970b228542813e983437b330ef76b1c98cbb2fbc4
birds,birds/vulture-voice.mp4,vulture_voice.mp4,87418,d188de8ef6f3943ee1dd8f921a28d93b64dbb25e2e4648b88ccd28bd71706762
birds,birds/flamingo.jpg,flamingo.jpg,9962,64828ff0fbfcd5fdaa5e5fcdd00c03698506a611d5dc9da61bd87c3c130eed83
birds,birds/flimengo-voice.mp4,flimengo_voice.mp4,85419,d29592b2063409702b1d31d93c5cecab1c74c0d2d379e2216a64f488485c67ec
birds,birds/dove.webp,dove.webp,16498,ff3c2d72e791e5dd3c28d47dd36e0a13de9a8c0ff3d4b4688a84d0a66e5195f2
birds,birds/dove-voice.m4a,dove_voice.m4a,94915,b8a1a8c7cabb4e6e5d974bc396e1949c9ee2d9ce70f58cb4816675dd4fb661e3
birds,birds/toucan.jpg,toucan.jpg,51411,11166da18595deadb5fe1fb23a033ac57cbde6f27ec93c79ada63bd289e5f8a5
birds,birds/toucan-voice.mp4,toucan_voice.mp4,90871,7dbe795d10873f6216155156f9ff6bc6c995c83c57d39fbd696821d6903cdc44
birds,birds/quail.jpg,quail.jpg,29162,930d2c5a304e200e59e6d5bffc996053da0e275221c61a4e18eeebb00873c716
birds,birds/qual-voice.m4a,qual_voice.m4a,94095,36ea9d2ea97303ad7ae5d5976481956f693c0eade1fe9a3f4df80aa618aac6c8
birds,birds/nigtingale.jpg,nigtingale.jpg,5941,b2a6bf707df785e3f2302f5119a43cb0cb2bf26ebbcb9e859dcd2b31f283d45a
birds,birds/nightingale-voice.mp4,nightingale_voice.mp4,88468,9f8f1ce954058a19ad953cb663c40e6026f921ed271f5eb0f8179d6d3c3865a7
birds,birds/hawk.avif,hawk.avif,605293,880c2964d291b0d28221a3dd16b6e784f210b6af27bf938a4d105570736a01fe
birds,birds/hawk-voice.mp4,hawk_voice.mp4,81861,d9578967890d88f03df47f2526870a712190dc403865e2239fe3801621037249
birds,birds/hamingbirds.jpg,hamingbirds.jpg,6365,18b200cb63a529c4a9122856ca5491fabbe4d355a567fe45503c0ef03ccb8194
birds,birds/hamingbird-voice.mp4,hamingbird_voice.mp4,83345,623e4801259574dd2d62dbfe595f1e0ac791300615b3aa1113624558788ebaab
birds,birds/parrot.jpg,parrot.jpg,48666,8183d926e8a27218442ac9420561cb16fbd76bbab0c40e1984550c47a147ee11
birds,birds/parrot-voice.m4a,parrot_voice.m4a,89213,bcd4a6e64d30943fecc663a3dc2305c4ee40ca1168a15bb64b3fbf511477d904
birds,birds/pigon.jpg,pigon.jpg,22536,22cebd0c06dd0f17a6872723468ed921f7ca7e407a67713b7b849c62276475f2
birds,birds/pigan-voice.m4a,pigan_voice.m4a,108833,bf3c8a590343e7ed7746f00fd313b55c8d06a43479375e051e56ce04be8c1798
birds,birds/sprrow.jpg,sprrow.jpg,6409,23c8d4a4a5d81e8866cc4c87c7eccefe05b46323beefc03740bf3a06b59a053c
birds,birds/sparow-voice.m4a,sparow_voice.m4a,116189,5143b713ddb4686a07cbea7478d68739c85348f41fcb5b9addaac11953d0972e
birds,birds/blue-jay.jpg,blue jay.jpg,466105,2af05a4f83ad8f4e1034b53e6f34e8be7e0f0e5e510b67d02902ce9c4727860f
birds,birds/blue-jay-voice.m4a,blue jay voice.m4a,108166,2286917ba56bf502a75f1232a73d59d6566258dce2b8c9677b49ccd3687d638a
birds,birds/birds-secondpage.jpeg,birds secondpage.jpeg,11633,1a03b978eac1b2e075dff6112238b7650e20f6ea5549f69191ed05c02f4d1c2d
fruits,fruits/apple-vedio.mp4,apple vedio.mp4,1510011,58978dd3c3aeb91159d8640f8d642949a97775a0c24502896f4f6e369b2a7c2b
fruits,fruits/banana-video.mp4,banana video.mp4,1523880,95d5fefb883a4da68e1416d23a1cf3c97fcb18fb48c201cbacc6fda7b1e302fd
fruits,fruits/mango-video.mp4,mango video.mp4,1548290,a196da9f2eb7dc986232180e3e9913702b4e8f52d91c9945fba2e09b30fb4ac3
fruits,fruits/orange-video.mp4,orange video.mp4,1426801,303d8a7f2fb14bb67c0522d3b09023f51950974d9a71c086e6759159be0c9e42
fruits,fruits/grps-video.mp4,grps video.mp4,1535790,5845f74c53fd2ceeb45456dd54c1a00c5aafa2e6d809ea7491286e28b8f632b7
fruits,fruits/blackbarray-video.mp4,blackbarray video.mp4,1302656,6bb18b984f4ccc44bf1635e373fe3d37347269769fa6919d456b0b6402713034
fruits,fruits/bluebarray-video.mp4,bluebarray video.mp4,1498049,1df2cbcdd4bb5336faf791ffcb27616326cbf3bcb720b71d95edaa1a1a4cbcd6
fruits,fruits/cocunet-video.mp4,cocunet video.mp4,1503276,e0e5ad366317221d1207ed7fbad53f6260ed8b3582c1e81b1192747cf0c7b580
fruits,fruits/cheress-video.mp4,cheress video.mp4,1532759,41e345cedf1af12cbea671afbc78b8162722aff0a2859b79c25320c90ef4e65e
fruits,fruits/custed-apple-video.mp4,custed apple video.mp4,1523189,11922f73948936abd4c792273dd69d2c731fef62d6d361577c9fe13fe1c52577
fruits,fruits/dragenfruti-video.mp4,dragenfruti video.mp4,1338394,f36f179a837c5715cbd8de85ea583be8bb0f60b392ac51407e9abcd167a3214f
fruits,fruits/green-apple-video.mp4,green apple video.mp4,1433466,a759891e02e49ffa7f804c5130fc3f9877e4527833946f13dec15fab2cd58b10
fruits,fruits/honydew-video.mp4,honydew video.mp4,1529177,b9fddd47fe2c90d9f4c8fb0bb2c07ed83a61d07ec767ffd69cc2856121f10020
fruits,fruits/jackfurtis.mp4,jackfurtis.mp4,1550269,f8ec4555befdd786bc5d08fd249aadbbef26718e8f0fad80ef9ee8bf860e3906
fruits,fruits/lemon-video.mp4,lemon video.mp4,1583732,6fe30ebd057d342646616bc424e08a5d77646c39e79b65271a980e8cdd69d968
fruits,fruits/loqute.mp4,loqute.mp4,1500161,7b343ef8b90c49b2562b6d15b475700ae4bb035dc422d48c9a2f6ce3dcd3ab7a
fruits,fruits/melon-video.mp4,melon video.mp4,1549792,57aa98225145331efeb2c3f82e0c71f8a71ff5a7b1469a57e065cee9d7fe949c
fruits,fruits/paer-video.mp4,paer video.mp4,1482251,c7854515e48e261b70f3d96d5bf4c9d6c17f7a75dbe8c61f88a8521567e20fba
fruits,fruits/papaya-video.mp4,papaya video.mp4,1511497,9926b80108ee5edef3db3f18d866e9d248bb1dcbeb68a7ee73b812e44d5974e9
fruits,fruits/pech-video.mp4,pech video.mp4,1543489,6b3da66d148f56a0558054997aa27cdbd574b2d291f894244dd5c5a32a2205e3
fruits,fruits/pinapal-video.mp4,pinapal video.mp4,1462211,3dd1cf278a0e90bc053c0f4cc0c8c729a001b41858d2fe58265517034165905d
fruits,fruits/rosebary.mp4,rosebary.mp4,1524091,f410d0d393a54332da133196ec42bb3f96485eed72f824945ac9b173efd8b246
fruits,fruits/soursop-video.mp4,soursop video.mp4,1560917,fe8a7c09897fd1755ae931cb52b5ae96af538e6e5473f917fb3dfe6165927e47
fruits,fruits/stobary-video.mp4,stobary video.mp4,1469265,b9b2b472c3111b18897418a13167c91ad729f354c2961fef63f83e95d7d11e67
fruits,fruits/tengaris-video.mp4,tengaris video.mp4,1559644,3237908f6600f7729ce72722e9d772e1a1c7c1123f21f1b0d16262933f5d4a7a
fruits,fruits/watermalen-video.mp4,watermalen video.mp4,1509259,6b5c3654c97b5f8a64977ef7064cba72a6b5a552e18be74c03cbbac86c8e8a57
fruits,fruits/frutis-secondpage.jpeg,frutis secondpage.jpeg,14599,f205a66b3171df74555408384b12cce24de6153831077365fdc99fa314b17f96
vegetables,vegetables/tomato-photo.webp,tomato photo.webp,589448,1a98932d724f41a4c3112e3707c8b4fca6369e379bbfab8e18d036f49e048a08
vegetables,vegetables/tomato-video.mp4,tomato video.mp4,767260,6619991e0bad14252f8e84f4ade7ab24c34bfba33c1792deec1a725a237ddd9c
vegetables,vegetables/radish-photo.jpg,radish photo.jpg,23021,f7536051d77b7bbb0bd9540147c27fb93c871f12af9e21defc16f326530cd33c
vegetables,vegetables/radish-video.mp4,radish video.mp4,752323,aeee65298625a6ab9a9cf71b2018e673342bd31c7aece6b81ef4cf296c8bbef0
vegetables,vegetables/onion-photo.jpg,onion photo.jpg,34819,6f96c612006e3d4ad4113837fbb60ea63512db298911b577f7e147173cb65778
vegetables,vegetables/onion-video.mp4,onion video.mp4,772431,296ea7ffe379dd02b45ac72fdf6e8f45dfe4dce7935878cf5724a2aa9604c78b
vegetables,vegetables/potato-photo.jpg,potato photo.jpg,31371,46014b0deba964142e8b1fb98f873c403f73f89cc24127338174473ba8f8e561
vegetables,vegetables/pateto-video.mp4,pateto video.mp4,740916,44a357d5eae311f342647c9557d42fa058b8e38650f2a01051e2e286c95bc82c
vegetables,vegetables/cauliflower-photo.webp,cauliflower photo.webp,89330,01f5795bd7d9d88df662f0e95bde7257cc44ad9e107f98daa61afdd4924f709d
vegetables,vegetables/cauliflwer-video.mp4,cauliflwer video.mp4,777614,a85a4ef14eced0150dd7743dbbb46f419c1b087e08fa5583180f53178df8c1c1
vegetables,vegetables/pumpking-photo.png,pumpking photo.png,31461,797c4a9cf1954086b3bd5dc9a2bc0a32335122f5522391f47ea351421e1bc927
vegetables,vegetables/pumpkin-video.mp4,pumpkin video.mp4,771644,2ef0ed917e5b03f2a7965f4d4ddd642524e7f905ba7df05ea54433a91681453f
vegetables,vegetables/bottlegourd-photo.webp,BottleGourd photo.webp,42880,bf6f27233dfc7f6ce68666e92ab8dc232d998ad0fdc60dc1dd31f4274c23c12d
vegetables,vegetables/bottel-gord-video.mp4,bottel gord video.mp4,769300,cd3660a17e86483b2434a3c14df14225f90db418ca36d16e91b8972ef91a5864
vegetables,vegetables/cabbage-photo.jpg,cabbage photo.jpg,55033,ff3691b92b71576d2c9b197e19c40e9b95589102c4a35a70b8a327ee38d189c1
vegetables,vegetables/cabbage-video.mp4,cabbage video.mp4,830208,ebb16271a5dc0f7171ca4feb0b59ae9946976a4b0b4917d3f47a75cc7456f8f2
vegetables,vegetables/carrot-photo.webp,carrot photo.webp,36770,cef9364fb2461d41e283a844897bd4d7a09e21b37988002a18c8340adc99a1be
vegetables,vegetables/carret-video.mp4,carret video.mp4,843076,4d3170f37d5c6c042dfdabf11bf64ab749823a335b69888dcc91e85ed988c0f7
vegetables,vegetables/broccoli-photo.webp,Broccoli photo.webp,83016,9a3027898f4f0d1d9f65c305fbdc79a69f068d7ce13a5913bb2f0ac23f162e65
vegetables,vegetables/brocoali-video.mp4,brocoali video.mp4,791199,41ab854aba6ed288492ba9e303f07da3214754775ba0a38985eb2704ba968a9d
vegetables,vegetables/brinjal-photo.jpg,brinjal photo.jpg,4766,b9a859a6ec1ca22cdd5883b416948d2102a5849ab450bc65646a24caf095f609
vegetables,vegetables/brinjal-video.mp4,brinjal video.mp4,763867,2898e00a191a40e5c6f6fb1412a06d4cf0f4db046c2c4487a1763a6389ffc222
vegetables,vegetables/spniach-photo.jpg,spniach photo.jpg,69845,33ecec9be5f274447bfbcc968692d36623bd42bee0b6a3937e174783d4250632
vegetables,vegetables/spnich-video.mp4,spnich video.mp4,751502,1effcabfc24c584563330971f40e380b0fbdd8f290dbedf525871abce91d2995
vegetables,vegetables/capsicum-photo.jpg,capsicum photo.jpg,46039,a62d3b6d936a5d4fab17252a96efc9f0310cb76606f9fa354f82610f5ca0c7a1
vegetables,vegetables/capsicum-video.mp4,capsicum video.mp4,764138,b1853c8ba2577f2a34e92c187700249af257f9bd83d6d0909357dc3abb6cc37a
vegetables,vegetables/bitter-gourd-photo.webp,Bitter-Gourd photo.webp,50850,64a220994b2ec4849182954077775921c3473bc043f1944876b86a3c97505d84
vegetables,vegetables/bitter-gurd.mp4,bitter gurd.mp4,774467,0e51c07f69593ee8fdf6ee0ae013f27e151f0957abc56482993c41a83f878087
vegetables,vegetables/peas-photo.jpg,peas photo.jpg,80041,2808621f52d1a8fc76dc71f4d50364d5ea719f9d53d7c081acac2dd99c089bb7
vegetables,vegetables/peas-video.mp4,peas video.mp4,784841,5f0f4e1dec4e1bfe32f11bd6050455ddc954083d9ac46cb4dc4ae55150702b05
vegetables,vegetables/beetroot-photo.jpg,beetroot photo.jpg,43405,a2cac9f10e5ae4c93c197486e2ac220c432f239989c9b38bcde1ac1fa7e339c4
vegetables,vegetables/betroot-video.mp4,betroot video.mp4,730382,91fbdc344fa915e16f12ca29c903625de3d8f9e4859a59fece17ab4472242183
vegetables,vegetables/ladys-finger.jpg,ladys finger.jpg,7532,2c1c7e2120bf5f5ec7435286f055f09a147a308118e58ff4ecaf55deb3234b68
vegetables,vegetables/ladys-finger.mp4,ladys finger.mp4,743719,0a077d529431fef6f44870417bb52b7573c7e0713023f35efdaf3bb5ad4eb41e
vegetables,vegetables/garlic1-photo.jpg,garlic1 photo.jpg,36223,c8688156de00eb110b355e3e9340d330459996cee22c5365f3dc4c66b47fce07
vegetables,vegetables/garlic-video.mp4,garlic video.mp4,748451,fbfb333fa949489ebed3ca27a348751d719833a77040af15f1e70933342ca3f4
vegetables,vegetables/cron-photo.jpg,cron photo.jpg,23642,50618fe9127f471b928549792881219e4982106ed766805c95a60ab4ebacb20b
vegetables,vegetables/corn-video.mp4,corn video.mp4,759286,3c518478935c96f0350fad7ee3fc0e06d603393a45894e96f9ae3ac08bfef167
vegetables,vegetables/vegitables-secondpage.jpeg,vegitables secondpage.jpeg,15825,f738fa73ac0e23d7798746ca36cba2e0c8d6e93ccc978539acb36188d8bf12d6
flowers,flowers/sunflower-photo.avif,sunflower photo.avif,201132,2fb9f582704636274cdc0c6695c9704056444b4e55fbddcc7efe029fae6c7248
flowers,flowers/sunflower-sound.mp4,Sunflower sound.mp4,25859,9b22476bb5366e5fd5e52820e2c9978e34413315ad95ab01cf03feca5f94661d
flowers,flowers/rose-photo.jpg,rose photo.jpg,6479,ef1b8822f915dce6383c56defb2648f6f075d875702bf3919b187e75bf400fb4
flowers,flowers/rose-sound.mp4,Rose sound.mp4,26396,4afe4c583df393ea240253cd0f6a935b1e64253b1e5204b637d558f63efc9d90
flowers,flowers/marigold-photo.webp,Marigold photo.webp,38500,0ca90c69b3e17c33eb41b022128c699f69d5ee019467b00856c7c20880f2c63e
flowers,flowers/marigold-sound.mp4,Marigold sound.mp4,39598,90e3f415f59fd49fbad55c345140af5672dedfa9d38cb7f3953daa2c47074b75
flowers,flowers/lotus-photo.jpg,lotus photo.jpg,108019,5b9ca9c9252bd77b6017a97ba826c6b79d62c50895bcc71d6d8ac68aef03d860
flowers,flowers/lotus-sound.mp4,Lotus sound.mp4,35244,35bb8c6a129d7852db5f927d315e298fb8179174f94e55001eeea2f744a356f6
flowers,flowers/tulip-photo.jpg,Tulip photo.jpg,5337,131c53db3b5ea0b3fb6c5c0cd43a66b7aecd157e6c1df1bf54eab786f85ad191
flowers,flowers/tulip-sound.mp4,Tulip sound.mp4,27099,d4cda4c88133ba271c0ca7bf8a1a7f3c15ddfb1ac534009fbac8cd88e5f6e1bf
flowers,flowers/hibiscus-photo.jpg,hibiscus  photo.jpg,123568,b24287a151015f25d6585e73ffca5fa69fead68d2d24f3341b32c975b64733f6
flowers,flowers/hibiscus-sound.mp4,Hibiscus sound.mp4,29207,b380a54b965b4ad431bfc455ceb721d259afecf94c0c6e0ceff292b1b96119e4
flowers,flowers/jasmin-photo.webp,jasmin photo.webp,55592,3e244addc7958c0077eae21cfce35f5db69c5302546f5a8b1d61842de1f1b906
flowers,flowers/jasmine-sound.mp4,Jasmine sound.mp4,27155,c0bafe51238ef7208da6943434d9eb2bfe87f0bf3ac0a58017f95c83e05aeece
flowers,flowers/lily-photo.jpg,lily photo.jpg,8140,0a970bf0d09f2945313d0c642162cdcc218613b5eccbb2343f5d61fbc069369a
flowers,flowers/lily-sound.mp4,lily sound.mp4,24604,123b8c19b28256e4ddb025627ee60d788276da938da52575cae8c48df3df25d1
flowers,flowers/daisy-photo.jpg,Daisy photo.jpg,11911,5819531be7b026d1da9222e30ba0ad5946de0185af7dab4bd823ea558d01f02e
flowers,flowers/daisy-sound.mp4,Daisy sound.mp4,36268,0c3b87523158f778c22184048433a4732e62ad3d1b54cbf2b2f6da4a4c0615ea
flowers,flowers/rosmary-photo.webp,rosmary photo.webp,74936,dc62dc623ad0b36e0cc5938182ab571dd99b73a867fa76caee21b91eb525950a
flowers,flowers/rosemerry-sound.mp4,Rosemerry sound.mp4,28646,c9b0c6ce388bb56fd4666aebcb6278e4296279d04b332b1a543c5acf4dd92260
flowers,flowers/lavender-photo.jpg,lavender photo.jpg,24073,8bfea05726c88f6c596991e2aa82f847b525b847309152951947a10bf0951360
flowers,flowers/lavender-sound.mp4,Lavender sound.mp4,25396,2488336d935203c8d33a2464f24f617140436ea7865f7944dfd4b7c1cd8e7737
flowers,flowers/orchid-photo.webp,Orchid photo.webp,90660,0f67ca17574ef1b58d807ecc8316bcd334ed93ac8bf50e1deab68edcd7f23d61
flowers,flowers/orchid-sound.mp4,Orchid sound.mp4,25557,9bf399c7e498532191f6601da73fd1f5eaf149731f2a684108973830ebb79dd0
flowers,flowers/daffodil-photo.webp,Daffodil photo.webp,115004,0c3b1643514aa0bd9ca26fd084050186c52467b79de9b13ad33ccafaae068d0b
flowers,flowers/daffodil-sound.mp4,Daffodil sound.mp4,31385,35700dfc8702b70b87a76fea0660e21277063bb3cca53c99dc492dfa1df5e151
flowers,flowers/dahlia-photo.webp,Dahlia photo.webp,72642,ec2a75b46565c3feb0aa0dc53395bd922347f84e3f2ed1bac4ec26cc253ff035
flowers,flowers/dahila-sound.mp4,Dahila sound.mp4,30845,9a5485d82aa1c3c75607b2913051b85b90985e38c278bba96bea32328d4eff6a
flowers,flowers/voilet-photo.jpg,voilet photo.jpg,30086,1036a32f38d5f3654f88b5f3239298187b700343f660404370f16c54be74f72e
flowers,flowers/violet-sound.mp4,Violet   sound.mp4,29755,4f161b089f8adc139a50349222e5cf2b8fa09f36b04d5ac7a8e622302705ff37
flowers,flowers/cherry-blosoom-photo.jpg,cherry blosoom photo.jpg,37876,f44347a6fc1bc7d285b88668d081b5593319e789f4b7f7171e78c6a7480d8784
flowers,flowers/cherry-blossom-sound.mp4,Cherry blossom sound.mp4,26419,7e25e8e5c3463b185daace5ec2c9d94368091784306ab345cea2ba9ced8ae827
flowers,flowers/aster-photo.webp,aster photo.webp,88000,340b94d1c06372f432072267e53597627583dad63804c15c0db2ec2d7a3f3c22
flowers,flowers/aster-sound.mp4,Aster sound.mp4,28302,87c8bd09a3d5a8ece191e7f4558d9aa87c580a89ed58e134fb7aa98a867005d9
flowers,flowers/bluebell-photo.jpg,Bluebell photo.jpg,9812,07e69a5dbcfa915cffa31dd7aba5324bee6f077b4657e20f956c29e7e0bbd425
flowers,flowers/blue-bel.mp4,blue bel.mp4,25167,f5091065a547fb039bd6d9ba329e918305c58b2b0a70294a822909835898027f
flowers,flowers/flowers-secondpage.jpeg,flowers secondpage.jpeg,17923,4f80b831e5d14ca397db5f125ae6351a3b8932b75a9b92090e46c8cc2dbc523b
colours,colours/pink-color.avif,pink color.avif,432,d70656772327ab01085b0e95f7a741f08ea03e7712adfa6c87740959f47917df
colours,colours/pink-color.mp4,pink color.mp4,154486,03cbd76c24071474ef5262652aabea19826becb7def618c79e53f5d87d341ba5
colours,colours/braown-color.png,braown color.png,166,f74e89d57eb209d49ee706361f6ff4620694f9a30907ca989101aae68e01896e
colours,colours/browen-color.mp4,browen color.mp4,166419,5d80759626290e5ac82fd476fd63d603702b77260f65f9c3ea4ca2827e206d67
colours,colours/white1-color.jpg,white1 color.jpg,658,84ff00ba0a3ea7821d642005214702c6f81f7c68e6829b2a10f1cbf94ff55a3b
colours,colours/white-color.mp4,white color.mp4,165265,4a296625d2ffc2fcd9ff46ccca1a8f54f2dc6539af2fec89801d45f40ede7a9f
colours,colours/black-color.avif,black color.avif,3576,a453d22042ee61a3ace2967171d973d42968b20b195d43dcadee38e864a67bf4
colours,colours/black-color.mp4,black color.mp4,140259,56f1f444622a900755c591771ed785d09186f9017fbd97443beda453add12291
colours,colours/yellow-color.jpg,yellow color.jpg,1275,f8566815378054129b2d51e5c4759338d055daec0449e89cc79ec4819658e0d1
colours,colours/yellow-color.mp4,yellow color.mp4,164278,88b869be6b38e9b0eac1c62698536f393bb8a6518d56404d461309db684ab00e
colours,colours/orange-color.webp,orange color.webp,36,d15ccd93fb86ead07076a398cbd734f89af567156d1bb9c04721b25f5aa4d6c5
colours,colours/orange-color.mp4,orange color.mp4,160604,ccfdf17d9c5fc77a195fbdbab9234b101f2ba71d9e4e1788f168e1fb5c420311
colours,colours/purpal-color.png,purpal color.png,143,0ee8b0a7f188d69e1a6f4433809a5a20194e903a2dfd2b72fedc130e82f71438
colours,colours/purple-color.mp4,purple color.mp4,160904,a9a3f7ecc7b503579ce7d84be2faae899ddee5377ad5c0f08e90aa822446fc7f
colours,colours/gary-color.png,gary color.png,144,92c3d4fe617f2e7b5aacd7e55f4d7d42efa54d728737f2662628657bfff86595
colours,colours/gray-color.mp4,gray color.mp4,164132,68e8fd6beb37744daa507bbc24ee1bca32fc7c8030d3a736dd2887aa8979766f
colours,colours/green-color.png,green color.png,339,83a236d870a822c6bd193a24760619cb4774571dcb3d036a25ce9cc2f246aa17
colours,colours/green-color.mp4,green color.mp4,163208,81afffe69389d56b487bd47a34f835c0a1148c94c364af8a4f548372db443800
colours,colours/blue-color.png,blue color.png,144,bfbc3d1c3584602740e78035f0124a6501bf8b656282e4cf8c0abe21399a0023
colours,colours/blue-color.mp4,blue color.mp4,161181,6236244eadac914c26a86c725074ccaeccf2092c4283b6c4923806a9b3790fa8
colours,colours/red-color.png,red color.png,515,a09c64560bbdaff4caaf147b18749fb9f7f01375ea8d8c6c4a47be53565d3bc4
colours,colours/red-color.mp4,red color.mp4,149975,e91bdba8b4c68ac132b11aa2f3ccf5bc00573eba70163d32799d29990e6385b1
colours,colours/color-secondpage.jpeg,color secondpage.jpeg,18155,5183228cee0612cb63a8b4b081e542f7da5be780af7146b49a99d9579bc98453
body-parts,body-parts/body.jpeg,body.jpeg,23097,728f38e1a38834065cb593c5ab25f9ac6396d3dc1c6b60422ae671bb9c8a2a55
rhymes,rhymes/twinka-photo.jpg,twinka photo.jpg,124603,9d91e6c017a01b6985666a20ece0865cf077eb4412fa2d65e5afe239ab8ec8fb
rhymes,rhymes/twinkal-v.mp4,twinkal v.mp4,19922212,d046b21781ca203ad1cc4198af4e3cd5100eaa46dfc4ba14a0483618cdf1fd4d
rhymes,rhymes/baba-photo.avif,baba photo.avif,17233,3b2f76c8ac48c90325f0042bebb381096bb53a51e02185812c0c17b137e179ab
rhymes,rhymes/baba-blackship.mp4,baba blackship.mp4,83032806,ed6353bead5cdd3696856773d3cf0980c648a560aaeb8986474ce7bc90f524da
rhymes,rhymes/jony-jony-photo.jpg,jony jony photo.jpg,52173,4cb82d146b288fe4341b884ad3095a817a25829fb8ce2f4710682e0ca6f239dd
rhymes,rhymes/jony-jony.mp4,jony jony.mp4,11359606,207ca054dc367e63b21b3ad17626dda6fe00428d1910dcd84e8a971cd9a30ecd
rhymes,rhymes/chubby-cheks-photo.jpg,chubby cheks photo.jpg,46872,1452913ec21e12553f1c772be3069efed7393f0a8536b22d88cffa32fcb8ada5
rhymes,rhymes/chubby-checks.mp4,chubby checks.mp4,16888973,f6cbcd2144de6bec2fe50844a3e8ff48aa4d8094c4b455dd072cc7b45bb1dd23
rhymes,rhymes/if-your-happy-photo.avif,if your happy photo.avif,11270,82aec0554e0a5be73aa031045163f56da49f5be7e7450499d1f3f7904f864d69
rhymes,rhymes/if-you-happyy.mp4,if you happyy.mp4,25111987,06e1fbd1b0467f4c5d69f72c4a32803dc0487e9a3db115c8d71fdf2788292dc7
rhymes,rhymes/humpy-dumpy-photo.jpg,humpy dumpy photo.jpg,431277,fdcba320f4ebcb52404af97f53986b4cb4134f2564d07d60bdf87767481ba852
rhymes,rhymes/humpy-dumpy.mp4,humpy dumpy.mp4,18737596,9079a5bae4ef494845c0aebe26facbf9e3f362166412c00e11e533ea06f1de0c
rhymes,rhymes/wheel-on-bus-photo.jpg,wheel on bus photo.jpg,1248010,2cb0831c9bf80903ab2e20c2d51e5ba6240e19b4c5e491d73d2e68c446951c7a
rhymes,rhymes/wheel-on-bus.mp4,wheel on bus.mp4,32701001,ba3f8421d1b707aded3319be11fdc7b3f320f61a13a275ddef114e9a89558ed8
rhymes,rhymes/five-lettel-monky.png,five lettel monky.png,99538,13b86226e9e040bf94540af2c09235f1fa2f325f224a1da99f75f5c4e15492e5
rhymes,rhymes/five-monky.mp4,five monky.mp4,15202686,1624c1d80aaaea29958fecfe933e6a4fcb166fd95dc52c2de5f11059a1ab3ce4
rhymes,rhymes/jingal-bel-photo.webp,jingal bel photo.webp,37664,3f60a6a2fadd9fb6a05dbd928d17ec3ac104b14e38213deb864a634933c8a174
rhymes,rhymes/jingal-bel.mp4,jingal bel.mp4,17434107,1223ad48688c0c07f768ce0e788a5e7ca42ec68c67fa51de590a1679f55533ec
rhymes,rhymes/poem-secondpage.jpeg,poem secondpage.jpeg,14499,fbb01eca5f2b342842806983e7e23cb7366c1005b82ee65b703509f6e3685f35
stories,stories/the-hare-and-the-tort-toise-photo.webp,The hare and the tort toise photo.webp,41674,6c2594a695bb2efc9b71a85c3728d8bca29380a727375476f80aeb520607c53a
stories,stories/the-hare-and-the-tort-toise.mp4,The hare and the tort toise,55112972,07a9649f045ba35a33972a19aed82d2855b8ae721e98a5aca1396587810c4a08
stories,stories/the-thirsty-crow-photo.jpg,The thirsty  crow photo.jpg,9289,1ccedff158f6dbbeb033af2bf9279395e6d5e1bbd7817eb7408d1c4c7fa3b692
stories,stories/the-thirsty-crow.mp4,The thirsty  crow,25422435,82c0bbb6639c97a6d23a1d063090f4155198f86a7efc68a81a96146a1eec75b2
stories,stories/run-o-pumpkin-photo.jpg,Run O pumpkin photo.jpg,11066,1b9e606cf121aecb12dc0efb221cb0a38a91e7167b842e895280e58708193857
stories,stories/run-o-pumpkin.mp4,Run O pumpkin,28179984,8efb9b6006854b5a512df5db16d8a7092d8cd500127da90253ff704837572053
stories,stories/the-two-cats-and-a-monkey-photo.png,The two cats and a monkey photo.png,93538,ef356ccdfa6b41691fe158e7d9a7cd0ad0a92390c9171795f9657d1ffff008e3
stories,stories/the-two-cats-and-a-monkey.mp4,The two cats and a monkey,12724546,48d007a009805066f70d39b54c9246830711648b67b4b3d92740487a7e9fecec
stories,stories/the-capseller-and-the-monkeys-photo.jpg,The capseller and the monkeys photo.jpg,15586,fd05a6dd89233342c5648bdf8b3e939f6f4a30f31fb93062f8d7786e49b264c2
stories,stories/the-lion-and-the-mouse-photo.png,The lion and the mouse photo.png,925560,ac8f142525155db22f1aefcf2b986b153e75cc8f786822f20ba2bb41513072b3
stories,stories/the-lion-and-the-mouse.mp4,The lion and the mouse,7425048,a0b15b3a30b5c15765949a77d9ce54ddde00dab960dad1facfec8160d26f49ca
stories,stories/story-secondpage.jpeg,story secondpage.jpeg,8134,14467537f343d53823b9228860620bcfbd7ae37cd34193fd27f18555b4f93221
brand,brand/logo.png,logo.png,230586,89e1a738a3ba5e7afe5ebd4af0fb3f7e1c31cb4e67ead9e25a46ef8e2e26f070
