path,operation,source_bytes,source_sha256,bytes,sha256
alphabets/apple-audio.mp4,faststart aac 3.5s,58151,01e5b16fd74a290a548198f1afd0be4989988f154d28054d00a4d05fd5600936,58179,d1aaca16aacd9192271a8d4ed47b2eae410f6fdb37db45ffe3feee07fe35d2f6
alphabets/ball-audio.mp4,faststart aac 3.5s,58370,a90b501fceebe5f0e9d3be9cc578ecb0d4593b7bfa1c0fe065e506dd4ddb1043,58398,d1b451dabde8cac85e61a4cc714803e985191f4b38f3badb01a362fff94bcadd
alphabets/cokie-audio.mp4,faststart aac 3.6s,60371,25aa71b998bfa7028a7ee3dc74f65fea623d79b7984735033184095dd01c1e57,60399,6150b13ccaa09f153ad12bf532bc24f311f4ccf26e27c8e27bf88b1a2006f95b
alphabets/dad-audio.mp4,faststart aac 3.6s,59480,b9fc70f5cc518e487f244f07af3116c64d6de1bc9bffb7cd2b1dfc61b10cf0eb,59508,b5b1584023fcd3b5138d57b55bec45747b6bcfb0a4e835aaaccbd73dcedf3f34
alphabets/dad-emoji.png,picture 768x768 -> 320x320 png,410288,08d6a9cc2e1306c47031a36f02f16a30a581f177eee99587e093827fbec18621,92986,a1e87214823fc41c1f363ce26ee12eb4dd2c067d8f514d2eced5bfd00bb442e3
alphabets/elbow-audio.mp4,faststart aac 4.1s,67100,c8575878fe2f9ddd2ba7745547cf2a4cd61190f37a880247b32d50d52562c5bb,67128,08c02869c2963326a1769b73d39604026c6b12d6e6e547aa7543b61e8319085e
alphabets/funny-audio.mp4,faststart aac 3.6s,60095,f5bd0e7f154e85286bf58f5e747dfdfbab57d5a74cced55110d9bc9959eb2101,60123,7367bc60e61813c91f2d3103b25bbee10fa3376b545264d63b47273bbf7132d6
alphabets/go-audio.mp4,faststart aac 3.9s,64973,b3349f0b8813fb9545ba0b53c9de235292bd301ef72e3fbeaf59660aeee888c7,65001,bef505b04accaefa610d2a9721c1cef6b75f55c67dc3a931d9ea538db8df1e94
alphabets/happy-audio.mp4,faststart aac 3.6s,60758,c4ce769c19e2d8def4a9f14fe61f801c69d2e30de2d94e928bd4d823321a3fc6,60786,36a727db09fb899e7bea27c6090db03d14ccac2577462a1590e491b83dd7a9c8
alphabets/in-audio.mp4,faststart aac 3.9s,64561,f75da016be200860fda8cb1bd0d1da29caab6e6af34283c3c6b9e65fceba2bfa,64589,77ace714802209afd8859ce0a77d0da007c1bee0479533690101ddca613b318b
alphabets/juice-audio.mp4,faststart aac 3.7s,62352,8b1dddd37fe06bc19fb376cbdc2228efb2c7c90211852c31dd8bbdaf3b8400dc,62380,e0463f9f0ac04a75487af55808f2f7959f8d32d32eb5e9bbf279c27562e85daf
alphabets/juice-emoji.jpg,picture 3000x4500 -> 213x320 jpeg,636161,32e9c57b5a22f3b75d703702b6cebe36458f7e22bf165c693f34cd436465351c,11867,162347104ffa0f326b8cd2d9e1267f1e45cc4862193e11a177fd70486f93a285
alphabets/kick-emoji.jpg,picture 1391x980 -> 320x225 jpeg,132599,59b09689a022feb3d166accc5f7098259f43feec6978f5cf831b583fdcca8b00,12017,3695b869dec25959584013633a1fc8b22a7e10d19b5fdbe2dc65720418b8e2f8
alphabets/kike-audio.mp4,faststart aac 3.6s,59944,c3d9dc6e62ace06cc8dea414378ebc694fb412359263e16540fea79e8b725499,59972,1e5bfcd8a592407f60b11d762dba0955a90118a0315bed62f19628f80b956bba
alphabets/look-audio.mp4,faststart aac 3.7s,60675,e9eaca841c778a7cb9fd278a6cdfe8411c514b72afdbd3aaf3848c32886b9279,60703,02fddef97fd63d059a7eedf554fa93b163414d2de703e36156fa51d32564b950
alphabets/mom-voice.mp4,faststart aac 4.4s,71960,37ac5ff93d399e1d22a03db6a571379883add499d7f193e69a91fedb154584bb,71988,2fec074721568fd68e77cb7758510a5f67d32605cb0d3981263a3137b90e2eaf
alphabets/no-voice.mp4,faststart aac 3.8s,62578,eeb62e0eadaaed7c01e228e1f31730600d73ad2bca4a7e3cfeba0ffe4c017d59,62606,dfc4db05c3d8c850a7012dec0a2b587aeaec63954376d564a2be67f012c98b6b
alphabets/off-voice.mp4,faststart aac 3.9s,64581,f65b87aa4377880cefb5cd42baf256f0a83a76a89dae1cda5147c3725165906e,64609,fc4cf53913723723e893617b53cecef6ab1231d1019d9509c9d03691fae4dc42
alphabets/play-video.mp4,faststart aac 4.0s,66129,f7ff4e3942bb0d5ba42d92113ce1d11ec9bbacd493a4d22267ee98b2a2d6cd30,66157,fa3b2a052b0da5f65a2e42a9c704aa7400690d81fbc497324b418598b74cc1b6
alphabets/quite-voice.mp4,faststart aac 4.0s,65347,64c40b18ca6b1b0f978b3460757081a492c4a2ff5d2ce3f0eebd8a6f55bc13e2,65375,ab8df0b68de2e5200d35e43c248d074b16a687f7128338844046f8751bc0ad17
alphabets/red-voice.mp4,faststart aac 4.0s,66292,309a4e09609b803fbf0149e8ff1f58b612e2892d8f202b30490d358d0fbfdd6b,66320,8eb90246fa69c01c9a8801263bc801a4be4a766035362ae2f701abfc15c2f758
alphabets/stop-voice.mp4,faststart aac 3.4s,55065,60e6bb8e1e09ee7714a0ffdf958ab57ed7fcc800cbc6d29f1777fd7b69deca3a,55093,3cb88f72b217f8aa81e684aed1c9dcb232add99eea9f681518e59e6583b370a0
alphabets/tolite-voice.mp4,faststart aac 3.5s,58338,1ba11b2c11767cd18455e2b95bb5eccce35a00f0d2f299770f2578052e4ddb49,58366,33ee040de61b6ae594c2a2270a09902091e4c94f306e1f8bbe8f6ecc8af0bc38
alphabets/up-voice.mp4,faststart aac 3.7s,63139,8d709c2ac5baa2867bd99be692acfa596b35c17a7ccda54e4727804ed623d1bb,63167,ceb9ad6874af5ffe6d9dda93c539bf431abef460c77f3e650911ce5b7d1fa9a5
alphabets/voice-voice.mp4,faststart aac 3.6s,58431,75316ba00c33fc9a971e2a06dbee9c01a9be51968e408b7741c7289e010e0c29,58459,3b6b133765bd59f0fd6dc9273f9cc277482142f54779728e64a7255b0e71768d
alphabets/water-emoji.webp,picture 1200x1200 -> 320x320 webp,125184,bae00c21b0e61e8bbc177473ba36538802b675bdd15ac545183af594442656a1,16266,c1d2249a8c3cfaccc45eb470911cfc5707e8d003bbcbdc6d2c2785595551fda8
alphabets/water-voice.mp4,faststart aac 3.6s,58811,55f9abc5bdf2a92ca0f802edc27e18972467049af6b9610f57103fc5548a9d7c,58831,18b77853761e893ebd263b26748ee5a6dc8bc0c151a784126bb6f398970e63bc
alphabets/xeray-voice.mp4,faststart aac 4.0s,67683,2319163d030cb135c65db28d6ad110d5720c666e3a2bd823904904bc7673c11a,67711,a5c104983f5e88b9fd2161d621821c63a9996ddee4497c36001eda55e914f880
alphabets/yes-voice.mp4,faststart aac 4.1s,67372,7d2c1f03b557e7299b0fcc2cbb189734a446490eb580901666bcd61b2fe07217,67400,6e9591907cbe282093e4b1a218285dee4cf3c2011f2a21873b8bd613803d75a7
alphabets/zero-voice.mp4,faststart aac 3.9s,65569,3d59badbb505761cf2c2c33befa083155191b139e9b302210fb45c118e109e04,65597,49b127cf448edd2f75f508c9eda45dd6874ff80e4a77123b4760dd615f4d7c6e
animals/bee-voice.mp4,faststart aac 3.4s,57127,b49cdf97840a267f3eddd1257d0c5570993ef10fbdb82a6d012c22ae6790346e,57155,2be2abe5243065f1c406ba9b96dc91bdfe3af5930edfbafd71c484a34b6f1399
animals/cat-voice.mp4,faststart aac 2.8s,46627,ee3dd156b0fb18eb0980e1fa62deac390ff5d19fa9ecd21cb1b02cd0d5f320c4,46655,2b93932233aa8e3c932431ce39d904a4298aed1963a281fbdef368be4116824b
animals/cow-voice.mp4,faststart aac 2.4s,40226,f317f5732c8f7cd53a57f54a4f67ef326da7e7f87323ed9131c83e25dfc7965e,40254,cd2d040515c0933c0da6901966fafa98e88b75c33ac29cf4d7726d4f8f7666de
animals/dog-photo.webp,picture 800x800 -> 320x320 webp,148776,f7659bfc0ac7d77637843841f3f0f576de04fb3c1ce7859e1f30937f0530eb17,21062,76e16cfdffb39426ecbbe9912b0229525e3ab677345f0ab46ffe2b0fe16613e3
animals/dog-voice.mp4,faststart aac 2.4s,39029,b569de17612f661f44ccdb49d0b11e7bffe1418eb065efd5596e124c147ddbd2,39057,d5bfc8403108a770ef5c04d0c33a0c52aff762160e0f682fb8d04515e397a921
animals/duck-voice.mp4,faststart aac 3.0s,49834,4fe46f7422ed5a617507b6010052ca28f60db55a33e046e9266590fa0733ae1d,49862,c752d218877e787c0fa460eaf9c0b12971780f6b6eb573cc3fa436c094ed1f01
animals/froge-voice.mp4,faststart aac 2.4s,40388,d375cae4b12360bd3234bc355f62d875b9ff838437f15293a3659bb8db88432e,40416,d10c38a6392eb0a8958895efd1860e50e30c9a47bc42136a804392dbb07504e0
animals/horse-photo.jpg,picture 1500x1000 -> 320x213 jpeg,121718,ffb7e6d45eaf4e382bfaeaa79d6bbde9dbf1aa71172364c80c9f002613ca10fa,11573,459c27876cc434a6add69160d80a4b99f6cb26066499fe9f36f25cf5944602a6
animals/hourse-voice.mp4,faststart aac 2.4s,40865,e7533ccdf63d860720ad9647cb48a320c2e3f7b2f9526b051ce90600a78e0e82,40893,fd4af8b8cf7feb7b1c5e7aa08c185e570dd22bb593c90910be25ab20ee5cf6d8
animals/lion-voice.mp4,faststart aac 2.9s,47818,bfa23f72d8a586527659857e2f76568ad26e60350719687ebee64368fc7b4b4f,47846,c128ade71ced824ab208d572aa5ca0e9b464b9171387fe0c0b1895ba5eba1abd
animals/mouse-voice.mp4,faststart aac 2.7s,45450,3754d3ba210b8014790cd361c40bfd50c4f2468e81bf51c3c30750e946b21ebd,45478,cb33fb81dae0440494129ac51246b378380ffc24f1137e1cf743cf345ec054ac
animals/pig-voice.mp4,faststart aac 2.7s,44874,f82a46efee0b2cef7cfb7dbfe825da8bea4c8c02415284a81a9250eeab477631,44902,b06af1cccaaa67564d9eef11a8775bae036ecdb9dfd8a892970e1d047860547b
animals/pigone-voice.mp4,faststart aac 2.8s,46522,cfc27407c8dcdd872ea49cb06df8cc3b92eacc8fb45460809f67e1ed18fc1094,46550,9bfac92079d233dc80aa291dc9e9b187a69cae09b775f41b91334de451cda171
animals/rooster-voice.mp4,faststart aac 3.5s,56786,69b21559e8b6189934fe7ad746f326982d256b0841fc75ab57ba1aa185032148,56814,e43589ac48ba9edd4995fb65496da228ebb6fdd3bc5a13fa013cf317fee89fc3
animals/sheep-voice.mp4,faststart aac 2.2s,36861,120fb18666263810a7ed489cd1c0ec54074439df166cbd48ca18e443cf9bbed8,36889,97fc395091f9e8d5600825dfa125b0f82037160f5ff7ade173a571139e6b5538
animals/snake-voice.mp4,faststart aac 2.3s,37726,3925521335d656bc2f7bb62609e846f9732cb6e02eef639561ec9444f74db275,37754,d9dc506a090b819f5e4777b273cceb824daab62cd579c8b57c23606e997d7ece
animals/tiger-voice.mp4,faststart aac 2.1s,34819,b6c52e173816e6dd4707aed59329af26d715f2a080803992aad0d2be58bd9fcb,34847,be7a964bc57b095bdb9e075bd1c8c683e4b4ab0838775da2091f45949f31d6ce
birds/blue-jay-voice.m4a,faststart aac 6.4s,108166,2286917ba56bf502a75f1232a73d59d6566258dce2b8c9677b49ccd3687d638a,108174,5a6a1ccdb79159b44f2ca00647283c8c37c68dc3293031b5846c5f307466657b
birds/blue-jay.jpg,picture 1200x800 -> 320x213 jpeg,466105,2af05a4f83ad8f4e1034b53e6f34e8be7e0f0e5e510b67d02902ce9c4727860f,9494,5c08f3c345c80b812350195fbd1fd2f63519c472c31a863e6acee440df5b9269
birds/cocato-voice.m4a,faststart aac 5.4s,90845,d554840b30904e464465a58a4ad1412526d12bda080a1a2ad0a81e0f4de098a4,90853,e5be5cac9c8dc3ca56209e4b15ba12e6e13d91a827a7aca0365ed46a5e4efaa8
birds/dove-voice.m4a,faststart aac 5.7s,94915,b8a1a8c7cabb4e6e5d974bc396e1949c9ee2d9ce70f58cb4816675dd4fb661e3,94923,e576e072efdafbfca2d97b29b6030dbaaa45d5a14bf538af1c9e200f0b0ce6b6
birds/flimengo-voice.mp4,faststart aac 5.2s,85419,d29592b2063409702b1d31d93c5cecab1c74c0d2d379e2216a64f488485c67ec,85447,a07fb8d18b584fe193174ee650524c1ccabde81f52c74d8e68d37c231aaa1cbb
birds/hamingbird-voice.mp4,faststart aac 4.9s,83345,623e4801259574dd2d62dbfe595f1e0ac791300615b3aa1113624558788ebaab,83373,3ec953de2bae28345efb251d78405bff16036fe7dff6da9939a0ef97663be662
birds/hawk-voice.mp4,faststart aac 4.9s,81861,d9578967890d88f03df47f2526870a712190dc403865e2239fe3801621037249,81889,87df33874ff49e7c2205f84134c4b8befed8d4119283238640497062d2887bdf
birds/hawk.avif,picture 3000x4013 -> 239x320 avif,605293,880c2964d291b0d28221a3dd16b6e784f210b6af27bf938a4d105570736a01fe,9843,6b569f119442d6fa1e26377b3466963c48b04f8fceb52e94863f9946f97147fb
birds/kingfisher-voice.m4a,faststart aac 5.7s,94569,6b9d772674362d54344ebdcb2dce1d3a9093110646bea462a2c51c27974d3889,94577,c009bba4eb9f06278ed66b422d52288492dd6d91d1541d0d5b4fcd14db549d5b
birds/kingfisher.jpg,picture 1200x900 -> 320x240 jpeg,201650,dc57e3a6120a858972c44766ade3b8fcfa771e8ddadf1a19f6f63118472c20f1,12431,14426ed18c1b074909fc414a6ccdbda8e3571c76dbf43c4602a4728e9bf673d4
birds/magpie-voice.mp4,faststart aac 4.9s,82620,ba85d889046448a94fddf7bf34cc665338d42fd6a9449790e35934d2d407e790,82648,5afaa54979ab8aa0eb6822d197142a9f85b8c2f1cfa6d5bc83f4135feedff5e3
birds/nightingale-voice.mp4,faststart aac 5.4s,88468,9f8f1ce954058a19ad953cb663c40e6026f921ed271f5eb0f8179d6d3c3865a7,88496,0db2c9641e958bafb0826dbfed389211fbc62145b61ab0aed24ac20fe3ffc1a7
birds/owl-voice.m4a,faststart aac 6.4s,106091,b1f156e16f9bd1075ecba11872032ad5cd9f1519c0591e41c18e21bbb2be3fb9,106099,66ece5d1db6a6f141531dc7b7f293a5ee7ed3ae4e165ff0f80b7dcf9f6a57763
birds/parrot-voice.m4a,faststart aac 5.3s,89213,bcd4a6e64d30943fecc663a3dc2305c4ee40ca1168a15bb64b3fbf511477d904,89221,0d8d8f2cb942588f30b5bbad0e95d79daf4cb535d9ce8968046bee6ce44cc15a
birds/pelican-voice.mp4,faststart aac 5.0s,83025,13fc58a2de5b89e84ca8cb607571d128a9138c9d6a75bac409c604a7fb6971c8,83053,f06cf45f23ed938a793be69f17a0b9a5e569959d9e8ff2850134605722a04540
birds/pigan-voice.m4a,faststart aac 6.5s,108833,bf3c8a590343e7ed7746f00fd313b55c8d06a43479375e051e56ce04be8c1798,108841,7e4c653526a55b2c977f3014c017589da163bb1d40dd512897f591fad6702413
birds/pingvin-voice.m4a,faststart aac 4.2s,69472,24e7dc6e2f58cd0b69b3ac1b5244156dbddecd34cf8b9a4704555da9fc8f9567,69480,190fb506e78e505a76271e18c4fae8b30389b3ffa32fb0a32160914445cf4708
birds/qual-voice.m4a,faststart aac 5.7s,94095,36ea9d2ea97303ad7ae5d5976481956f693c0eade1fe9a3f4df80aa618aac6c8,94103,ace8853c2f5685072e38700c4e82225c0e21ac6a36eabbe3c8c4db6bef9851b1
birds/sigual-voice.m4a,faststart aac 5.0s,82076,dfe60af0e4ea759276409484bf62851f12e42851adbb0192623ec7c116ad59f4,82084,ac92ca867e6cc5f9768b1c7b02c2fc111231fa765200516303884f5f704efb54
birds/sparow-voice.m4a,faststart aac 6.9s,116189,5143b713ddb4686a07cbea7478d68739c85348f41fcb5b9addaac11953d0972e,116197,6d405ed692e5f86c5075c11b20c91db53f170b3479661c61394afa6bf8943280
birds/toucan-voice.mp4,faststart aac 5.5s,90871,7dbe795d10873f6216155156f9ff6bc6c995c83c57d39fbd696821d6903cdc44,90899,a650e0d15681bf9ffc2ca3a3575b3724af18226bf95ce47388d460e1f35608f5
birds/vulture-voice.mp4,faststart aac 5.3s,87418,d188de8ef6f3943ee1dd8f921a28d93b64dbb25e2e4648b88ccd28bd71706762,87446,3f5b0f2f519a2a7c4efbd1c5e332034ac8a34f3303ac2c9116af38e4f959b6c5
birds/woodpiker-voice.m4a,faststart aac 4.9s,80008,66274e5ea7b6eb13d583eae56801d82cab8c1fd73dcee6be7eacb8550785cb94,80016,8b2b4ba37ff8d453f17b11a358720df6c0efd1961e5cc1448027c27d97b02957
colours/black-color.mp4,faststart aac 8.6s,140259,56f1f444622a900755c591771ed785d09186f9017fbd97443beda453add12291,140287,00f4607f938ccee1578c9da88d6795d75aba715db0eeaf90db6c3e3491ec241e
colours/blue-color.mp4,faststart aac 9.8s,161181,6236244eadac914c26a86c725074ccaeccf2092c4283b6c4923806a9b3790fa8,161209,ebd89d917cd493a4b428c422d0a3417320ae208bedea1c42408fc081d405397c
colours/browen-color.mp4,faststart aac 10.2s,166419,5d80759626290e5ac82fd476fd63d603702b77260f65f9c3ea4ca2827e206d67,166447,896da0a267fa5e8b37acb7d55a46d2bda4e0263224a9bd221e3cdf9e63a9ca62
colours/gray-color.mp4,faststart aac 10.0s,164132,68e8fd6beb37744daa507bbc24ee1bca32fc7c8030d3a736dd2887aa8979766f,164160,c1cf031ce5ed5dbdeac8c01d92aef247ac8b0033b814b890af9ee4ead95f7c1d
colours/green-color.mp4,faststart aac 9.9s,163208,81afffe69389d56b487bd47a34f835c0a1148c94c364af8a4f548372db443800,163236,b8c4a7ac8f019b391c0eb9f045cf36f027a90a0635c512a04b115021b29b80e2
colours/orange-color.mp4,faststart aac 9.8s,160604,ccfdf17d9c5fc77a195fbdbab9234b101f2ba71d9e4e1788f168e1fb5c420311,160632,967d36658524942c926fe038630fe27bd978ff897e89ff5b864b40321ef2c227
colours/pink-color.mp4,faststart aac 9.4s,154486,03cbd76c24071474ef5262652aabea19826becb7def618c79e53f5d87d341ba5,154514,6408c60c8b82ae927b6815700156cf6e625fe90ef65e7491e35a9d76bebd4c27
colours/purple-color.mp4,faststart aac 9.8s,160904,a9a3f7ecc7b503579ce7d84be2faae899ddee5377ad5c0f08e90aa822446fc7f,160932,a8dcda7a27f6dd8e1562103dba1e0e4a79de4777714d4d034d4c2d5f8b991566
colours/red-color.mp4,faststart aac 9.2s,149975,e91bdba8b4c68ac132b11aa2f3ccf5bc00573eba70163d32799d29990e6385b1,150003,9d0a4ea24fe236ac85aa75fdfd86065b4d66c425c4eb2852775ee19a0f5f9e59
colours/white-color.mp4,faststart aac 10.1s,165265,4a296625d2ffc2fcd9ff46ccca1a8f54f2dc6539af2fec89801d45f40ede7a9f,165293,03006e7d81a6fd4c5d0ceef464cfb103248d02a12bb01ca7d9e691978a27a236
colours/yellow-color.mp4,faststart aac 10.0s,164278,88b869be6b38e9b0eac1c62698536f393bb8a6518d56404d461309db684ab00e,164306,71d47c0f43d7b080b18d684d445f23cf29738587c9f79752b054d15b5a886455
flowers/aster-sound.mp4,faststart aac 1.6s,28302,87c8bd09a3d5a8ece191e7f4558d9aa87c580a89ed58e134fb7aa98a867005d9,28330,6364ec3b77327ee1463a5e7df08c454807358810b8908c586734a20794ada1a7
flowers/blue-bel.mp4,faststart aac 1.5s,25167,f5091065a547fb039bd6d9ba329e918305c58b2b0a70294a822909835898027f,25195,f5ae39a264a1fcdb1ae6f05d52b1e25186d7b22d2dceecdf31dc7580686d6e2d
flowers/cherry-blossom-sound.mp4,faststart aac 1.6s,26419,7e25e8e5c3463b185daace5ec2c9d94368091784306ab345cea2ba9ced8ae827,26447,5b84daef7830682d9930aeb097425466648173088a287c115fc1b007adf4a4cf
flowers/daffodil-photo.webp,picture 1000x1000 -> 320x320 webp,115004,0c3b1643514aa0bd9ca26fd084050186c52467b79de9b13ad33ccafaae068d0b,19182,554d0e1a93eab36eeba5ee46cc8e465124604d55701281274d84fc837721c131
flowers/daffodil-sound.mp4,faststart aac 1.9s,31385,35700dfc8702b70b87a76fea0660e21277063bb3cca53c99dc492dfa1df5e151,31413,1fb54959bc4eb7850a32e3b59045ce47e2b872b0bf29177372da1eedb565e75c
flowers/dahila-sound.mp4,faststart aac 1.8s,30845,9a5485d82aa1c3c75607b2913051b85b90985e38c278bba96bea32328d4eff6a,30873,ff2e7a5d737ff2793d68ef3c0fbe96708ae580e3f7dfd4335eaddb0b6e5f81cf
flowers/daisy-sound.mp4,faststart aac 2.1s,36268,0c3b87523158f778c22184048433a4732e62ad3d1b54cbf2b2f6da4a4c0615ea,36296,d7349e17076dd14ae151d6b609a544ae7d6fdcf78708a0e17a2fef3655985b3b
flowers/hibiscus-photo.jpg,picture 1500x1002 -> 320x214 jpeg,123568,b24287a151015f25d6585e73ffca5fa69fead68d2d24f3341b32c975b64733f6,13877,135f96e5664b7f45c528116a44e5b862d8810a42c43287852c6b5cd7735901af
flowers/hibiscus-sound.mp4,faststart aac 1.7s,29207,b380a54b965b4ad431bfc455ceb721d259afecf94c0c6e0ceff292b1b96119e4,29235,6d82e14f946d80aa400c6769dea988211e52f80549fec5543f6dc4cf5ead18c6
flowers/jasmine-sound.mp4,faststart aac 1.5s,27155,c0bafe51238ef7208da6943434d9eb2bfe87f0bf3ac0a58017f95c83e05aeece,27183,d95176f3cf77916679deedcda7051be16a7e0c309ec1ae6ae2f732052472d48a
flowers/lavender-sound.mp4,faststart aac 1.4s,25396,2488336d935203c8d33a2464f24f617140436ea7865f7944dfd4b7c1cd8e7737,25424,1ee1550cc5f5a5f398d3de1cb0600b9591906cc30983f0b3ecd0edb70c7c3715
flowers/lily-sound.mp4,faststart aac 1.4s,24604,123b8c19b28256e4ddb025627ee60d788276da938da52575cae8c48df3df25d1,24632,e8b536f6984fb643f554b8f9aef2118b80892cae82ea51e4f22b686731135f66
flowers/lotus-photo.jpg,picture 776x1000 -> 248x320 jpeg,108019,5b9ca9c9252bd77b6017a97ba826c6b79d62c50895bcc71d6d8ac68aef03d860,23415,ac3bb9b0529d880a61f4c922e87de8136506568812c383c8c1733d7c6ba2c8c6
flowers/lotus-sound.mp4,faststart aac 2.0s,35244,35bb8c6a129d7852db5f927d315e298fb8179174f94e55001eeea2f744a356f6,35272,e47096e4d3b1a55a772a7af5caad919721772f482fc27dde2d4f0f3e7e1adedf
flowers/marigold-sound.mp4,faststart aac 2.3s,39598,90e3f415f59fd49fbad55c345140af5672dedfa9d38cb7f3953daa2c47074b75,39626,9070016c2ede6de4c50e1e0bbe0f72a5d2c8b7e2e88beae957f9460e5ecd419e
flowers/orchid-sound.mp4,faststart aac 1.4s,25557,9bf399c7e498532191f6601da73fd1f5eaf149731f2a684108973830ebb79dd0,25585,b30fa3f11335d144fcffe27c9092f10b4663a0ea718e7adee1ddd9c89096fc57
flowers/rose-sound.mp4,faststart aac 1.5s,26396,4afe4c583df393ea240253cd0f6a935b1e64253b1e5204b637d558f63efc9d90,26424,18958d2ad4817faa930c5e8fb1d2c39414504b8376de77674696957a2ca38578
flowers/rosemerry-sound.mp4,faststart aac 1.7s,28646,c9b0c6ce388bb56fd4666aebcb6278e4296279d04b332b1a543c5acf4dd92260,28674,aabfa56a74f76144b072a9cf8570f67a1de70f2d6d91cfcee2aa1329d04905be
flowers/sunflower-photo.avif,picture 1200x1600 -> 240x320 avif,201132,2fb9f582704636274cdc0c6695c9704056444b4e55fbddcc7efe029fae6c7248,14228,7cf37bf061d46db00f449be057385f3a676d45a274dbd6ba24ed76409ba48950
flowers/sunflower-sound.mp4,faststart aac 1.5s,25859,9b22476bb5366e5fd5e52820e2c9978e34413315ad95ab01cf03feca5f94661d,25887,dd965006a0457c958dd4a9f1bc6da5168b381d2341801a660cab4bfd0fb4309e
flowers/tulip-sound.mp4,faststart aac 1.6s,27099,d4cda4c88133ba271c0ca7bf8a1a7f3c15ddfb1ac534009fbac8cd88e5f6e1bf,27127,ae39d028237a70214b16eaaeba10f570cfd290c59e3e2f8dd18ecb1aca82b681
flowers/violet-sound.mp4,faststart aac 1.7s,29755,4f161b089f8adc139a50349222e5cf2b8fa09f36b04d5ac7a8e622302705ff37,29783,f935a0f083fcc94928ae9a93c012db59c814cade472f4d27678c84f8c34d3e7a
numbers/1-voice.mp4,faststart aac 4.0s,66736,2577d6c0fc46dba90f95f108e8209e3a11cbfa85a069b0ff5501647012d99638,66764,39ce55329649b8c9d592da53166162af1c930f3f1eab837620639891bee94f2d
numbers/10-voice.mp4,faststart aac 3.8s,62579,ab49c0a22f3e05e0a15f28aa0cd320075c41985f12a681e3143490402063ae96,62607,8ea5e7df528bd279d6d087fa5bf0cd6fb13d76185f9fb38c7f38b08eae909dbd
numbers/11-voice.mp4,faststart aac 5.9s,96315,1f51904715d8ac44a58375fd5c6566d2e50d8d3b63aa34c3d0c6a98f8d7b3791,96343,d4327de25502b532784ce96ff9c09a4e4ce4745b24e81dfbb53f14478e89f853
numbers/12-voice.mp4,faststart aac 6.3s,102608,b9c762476e18003cd7f0daffb3ce95f8682f3236b455334456711378c7c554d8,102636,a3a7f9c4966241cad33c16a93a9c38ec7a2768d65e29cf092ca4fa87f69ceca7
numbers/13-voice.mp4,faststart aac 7.1s,115575,ad44280c556910552a12cdb9f7716ae3042ce0aaebd2bbff755e0a8ff80d5f75,115603,38cf4e03b3ae2fc729a165f3d41c367aeaf2a05c7a7dd2ce823c559b5d3ec673
numbers/14-voice.mp4,faststart aac 6.7s,109799,aa84128b514b7e6f079c6e2c04c7439e8a4add19f1a1eacc5b8ac7b456861a97,109827,7b9b2c8dc0ab3c154888aa286662ebd28a2672d509aa82f64720fe396840e986
numbers/15-voice.mp4,faststart aac 6.9s,116256,dbdccc62de0e3151ad529e42572af7f579dab6a9fe22190ca862b911a2f4fab4,116284,8dee33fe45aa59512b06d26118db7e2e0e635c97e930b9da687252f6167b97a0
numbers/16-voice.mp4,faststart aac 6.8s,112397,ee77ae18b2ea839849fed2927324e0f853853d54e9b1a2afb555a41be66c47a1,112425,548dfcfc4b71552db808d199a6ddab6c213113c8aa5fa5233e64f7a4ed44d2c4
numbers/17-voice.mp4,faststart aac 7.8s,129516,b244f9cf4285580c6a2bd7ae9a0152229c4ab56edb469f0e162439a6a285203c,129544,62028a63e8b33014aa2c29bc533a0239fb3f6ff3b3b225462e63dcdaf8a0eedb
numbers/18-voice.mp4,faststart aac 8.0s,131914,4edda461f95894e465da4f7c8711d910a560f178afbd3fd2f411bf6577921fb2,131942,f990056698527988ac0b5841b06819116b646d78f06c137fe81cfd29bc72bb4c
numbers/19-voice.mp4,faststart aac 7.7s,129580,40a37a02930e7286575f573145e1e580019dc7fd1aefd37ca4cab337d911cbbd,129608,26df863547be3a0c044547af4811e38b7659fcd7321eac1409031841f82606f7
numbers/2-voice.mp4,faststart aac 4.2s,69475,9a8bb07ee09e72c3a1a4cee0a02fae6e4c08726c13afed7a92ae4f796e4ed25f,69503,847b4aafd4f2b11bf0f8c8ecbc7c19bc633077874bc30f7277606c9f9d016345
numbers/20-voice.mp4,faststart aac 6.8s,112701,079314943d6ac9f6c91ceee73195d7ac5d88a9a254f119b6b81b0e811e9d7585,112729,1afba9c05265b1ae50f46adf64b64542cb91242d4d64cd9021fb8d6910b8b9db
numbers/3-voice.mp4,faststart aac 5.2s,86040,f53f1f73764e4ade4001b4d0c3ba430f30fd2ef3f48c66dd71f61391a4435557,86068,b2cbb15423ed72dd680b0772fc9d43e2599237cd9afc262139ecb226b384d2f1
numbers/4-voice.mp4,faststart aac 4.9s,82720,5def0db9582989f8f4664950ca86953c4a4c203fbe0a116c34fcac2871ab27ca,82748,712a47c343f889569f901e819ded6f16682e70be4bcc008fdfd3e69a5226c752
numbers/5-voice.mp4,faststart aac 5.0s,82267,5f531785c4edbfc95359135b0034671b39fd881b748de6bf8c5f3623c46e73fd,82295,4358adbd21ed875f5f0fead3a10711c79fcaa04b0ba1c28c455ae4a7b800bf61
numbers/6-voice.mp4,faststart aac 3.8s,62259,d3f5f8acd0556b8df98c81370dca69a540da1a38d77bf24d7ccc7d54037bd80f,62287,456c05bf492cd6167647f5348a5652f70d9bbde862e063a494035ba11b228cff
numbers/7-voice.mp4,faststart aac 5.0s,82071,97eb195acdaea4159d8523441fdfc2080222644d68bb3cf52115be1582ebe6ca,82099,7058a7581d0fdc28ae387fe8214fa4d44007809112b7cfb632ae5d1c9068c760
numbers/8-voice.mp4,faststart aac 5.2s,86456,7edcaae66f37c63b3496ec8dc0114239d11405b6570d23231686981751634e9d,86484,828fcf67dd22e07cde987011ebe8c8043c05f4b509ff99ca01c45f998830dc80
numbers/9-voice.mp4,faststart aac 4.6s,75175,4398cc68c640ac589065e65ba6672f2c93f3ebab18d9c5f61f323d881193cb7d,75203,8f02463376664849eeab93659a3ada0bbfba88a1941814d257d7824fddbe89a6
rhymes/humpy-dumpy-photo.jpg,picture 2048x1061 -> 1280x663 jpeg,431277,fdcba320f4ebcb52404af97f53986b4cb4134f2564d07d60bdf87767481ba852,182999,ad3efcb8623b7e7e8d9ecbf591dd9439f5967e75aeca60da99a47f6cb610f744
rhymes/twinka-photo.jpg,picture 900x675 -> 900x675 jpeg,124603,9d91e6c017a01b6985666a20ece0865cf077eb4412fa2d65e5afe239ab8ec8fb,86467,cabe1ab7ce24c563bd8075d2458247c8979c6ec959fb08a1ff5eb83c296a21ea
rhymes/wheel-on-bus-photo.jpg,picture 1500x1225 -> 1280x1045 jpeg,1248010,2cb0831c9bf80903ab2e20c2d51e5ba6240e19b4c5e491d73d2e68c446951c7a,182828,7193bc15800db0c20281a93c47159d490f110c4b73955f0e974b8898c1c70d2c
vegetables/tomato-photo.webp,picture 1200x628 -> 1200x628 webp,589448,1a98932d724f41a4c3112e3707c8b4fca6369e379bbfab8e18d036f49e048a08,54210,f369161f2ce626f85309405ade2e4ef75765914c613f8d50971baea2f49e5598
